167714E4
00100006
02000011
00000010
504F0004
00000000
00000000
00000000
00000000
00000000
00000000
167714E4
00000000
00000048
00000000
00000110
00000000
00000000
40025001
64002100
00FC5803
F6F7DF97
0086D005
9BFFFFFC
EF7FB7FF
0000FDEB
42000298
761B0000
000000B2
000000A0
0000002C
00000DF0
167714E4
00000000
04130034
1C084082
01004F09
380000B9
00000000
0000006A
00000000
000001AC
00000000
0000001B
00000000
2D000000
00000000
2D000000
00000000
00000000
0000000E
00000000
00010010
05900FA0
00005007
00036411
10110040
00000000
00000000
00000000
00000000
00000000
00000000
00000000
13C10001
00000000
00100000
00062011
00000000
00000000
000000A0
00000000
00000000
00000000
00000000
00000000
00000000
00000000
00000000
00010002
00000000
00000000
00000000
00000000
800000FF
00000000
00000000
00000000
00000000
00000000
00000000
00000000
00000000
00000000
00000000
00000000
00000000
2D000000
00000000
2D000000
00000000
2D000000
00000000
2D000000
00000000
2D000000
00000000
2D000000
00000000
2D000000
00000000
2D000000
00000000
00000000
00000000
00000000
00000000
00000000
00000000
00000000
00000000
00000000
00000000
00000000
00000000
00000000
00000000
00000000
00000000
2D000000
00000000
2D000000
00000000
2D000000
00000000
2D000000
00000000
2D000000
00000000
2D000000
00000000
2D000000
00000000
2D000000
00000000
2D000000
00000000
2D000000
00000000
2D000000
00000000
2D000000
00000000
2D000000
00000000
0000006A
00000000
2D000000
00000000
2D000000
00000000
000001AC
00000000
2D0001AC
00000000
2D0001AC
00000000
2D0001AC
00000000
2D0001AC
00000000
2D0001AC
00000000
2D0001AC
00000000
2D0001AC
00000000
2D0001AC
00000000
2D0001AC
00000000
2D0001AC
00000000
2D0001AC
00000000
2D0001AC
00000000
2D0001AC
00000000
2D0001AC
00000000
2D0001AC
00000000
0000001B
00000000
2D00001B
00000000
2D00001B
00000000
2D00001B
00000000
2D00001B
00000000
2D00001B
00000000
2D00001B
00000000
2D00001B
00000000
2D00001B
00000000
2D00001B
00000000
2D00001B
00000000
2D00001B
00000000
2D00001B
00000000
2D00001B
00000000
2D00001B
00000000
2D00001B
00000000
0000001B
00000000
2D00001B
00000000
2D00001B
00000000
2D00001B
00000000
2D00001B
00000000
2D00001B
00000000
2D00001B
00000000
2D00001B
00000000
2D00001B
00000000
2D00001B
00000000
2D00001B
00000000
2D00001B
00000000
2D00001B
00000000
2D00001B
00000000
2D00001B
00000000
2D00001B
00E04808
00400000
00001000
00000800
00001C86
0B2FEFD8
00001C86
0B2FEFD8
00001C86
0B2FEFD8
00001C86
0B2FEFD8
00000000
00000000
000000DB
000005F2
00000000
00000000
00000000
08217949
00000001
000C0000
00000000
00000012
00000000
00002620
00000006
00000000
00000000
00000000
80000000
50200002
42000000
7FFFFFFF
42000000
7FFFFFFF
00000000
00000000
00000000
00000000
00000000
00000000
00000000
00000000
00000000
00000000
00000000
00000000
00000000
00000000
00000000
00000000
00000000
00000000
00000000
00000000
00000000
00000000
00000000
00000000
00000000
00000000
00000000
00000000
00000008
00000000
00000000
00000000
00000000
00000000
00000000
00000000
00000000
00000000
00000000
00000000
00000000
00000000
00000000
00000000
00000000
00000000
00000000
00000000
00000000
00000000
00000000
00000000
00000000
00000000
00000000
00000000
00000000
00000000
00000000
00000000
00000000
00000000
00000000
00000000
00E00000
00000000
00000000
00000000
00000000
00000000
00000000
00000000
00000000
00000000
00000000
00000000
00000000
00000000
00000000
00000000
00000000
00000000
00000000
00000000
00000000
00000000
00000000
00000000
00000000
00000000
00000000
00000000
FFFFFFFF
00F80011
00000000
00001F04
FFFFFFFF
00000000
07C00004
054D4000
00000040
00000000
00000000
00000000
00000000
00000000
00000000
00000000
00000000
00000000
00000000
00000000
00000000
00000000
00000000
00000000
00000000
00000000
00000000
00000000
00000000
00000000
00000000
00000000
00000000
00000000
00000000
00000000
00000000
00000000
00000000
00000000
00000000
00000000
00000000
00000000
00000000
00000000
00000000
00000000
00000000
00000000
00000000
00000000
00000000
00000000
00000000
00000000
00000000
00000000
00000000
00000000
00000000
00000000
00000000
00000000
00000000
00000000
00000000
00000000
00000000
00000000
00000000
00000000
00000000
00000000
00000000
00000000
00000000
00000000
00000000
00000000
00000000
00000000
00000000
00000000
00000000
00000000
00000000
00000000
00000000
00000000
00000000
00000000
00000000
00000000
00000000
00000000
00000000
00000000
00000000
00000000
00000000
00000000
00000000
00000000
00000000
00000000
00000000
00000000
00000000
00000000
00000000
00000000
00000000
00000000
00000000
00000000
00000000
00000000
00000000
00000000
00000000
00000000
00000000
00000000
00000000
00000000
00000000
00000000
00000000
FFFFFFFF
00000000
00000000
00000000
FFFFFFFF
00000000
00000000
00000000
00000000
FFFFFFFF
00000000
00000000
FFFFFFFF
FFFFFFFF
FFFFFFFF
FFFFFFFF
FFFFFFFF
FFFFFFFF
FFFFFFFF
FFFFFFFF
FFFFFFFF
FFFFFFFF
FFFFFFFF
FFFFFFFF
FFFFFFFF
FFFFFFFF
00000000
00000000
00000000
00000000
00000000
00000000
00000023
00000000
00000000
00000000
00000000
00000000
00000000
00000000
00000000
00000000
00000000
00000000
00000000
00000000
00000000
00000000
00000000
00000000
00000000
00000000
00000000
00000000
00000000
00000000
00000000
00000000
00000000
00000001
00000000
00000000
00000000
00000000
00000000
00000000
00000000
00000000
00000000
00000000
00000000
00000000
00000000
00000000
00000000
00000000
00000000
00000000
00000000
00000000
00000000
00000000
00000000
00000000
00000000
00000000
00000000
00000000
00000000
00000000
00000000
00000000
00000000
00000000
00000000
00000000
00000000
00000000
00000000
00000000
00000000
00000000
00000000
00000000
00000000
00000000
00000000
00000000
00000000
00000000
00000000
00000000
00000000
00000000
00000000
00000000
00000000
00000000
00000000
00000000
00000000
00000000
00000000
00000000
00000000
00000000
00000000
00000000
00000000
00000000
00000000
00000000
00000000
00000000
00000000
00000000
00000000
00000000
00000000
00000000
00000000
00000000
00000000
00000000
00000000
00000000
00000000
00000000
00000000
00000000
00000000
00000000
00000000
00000000
00000000
00000000
00000000
00000000
00000000
00000000
00000000
00000000
00000000
00000000
00000000
00000000
00000000
00000000
00000000
00000000
00000000
00000000
00000000
00000000
00000000
00000000
00000000
00000000
00000000
00000000
00000000
00000000
00000000
00000000
00000000
00000000
00000000
00000000
00000000
00000000
00000000
00000000
00000000
00000000
00000000
00000000
00000000
00000000
00000000
00000000
00000000
00000000
00000000
00000000
00000000
00000000
00000000
00000000
00000000
00000000
00000000
00000000
00000000
00000000
00000000
00000000
00000000
00000000
00000000
00000000
00000000
00000000
00000000
00000000
00000000
00000000
00000000
00000000
00000000
00000000
00000000
00000000
00000000
00000000
00000000
00000000
00000000
00000000
00000000
00000000
00000000
00000000
00000000
00000000
00000000
00000000
00000000
00000000
00000000
00000000
00000000
00000000
00000000
00000000
00000000
0000000A
00000000
00000003
00000001
00000000
00000000
00000000
00370000
00000000
00000000
00000000
00000000
00000000
00000000
00000000
00000000
00000000
00000000
00000000
00000000
00000000
00000000
00000000
00000000
00000000
00000000
00000000
00000000
00000000
00000000
00000000
00000000
000000CC
00000000
00000000
00000000
00000000
00000000
00000000
00000000
00000000
00000000
00000000
00000000
00000000
00000000
00000000
00000000
00000000
00000000
00000000
00000000
00000000
00000000
00000000
00000000
FF4CAF82
00000005
00000037
00041828
00000000
5000001B
00000000
00000000
00000000
00000000
00000000
00000000
00000000
00000000
00000000
00000000
00000000
00000000
00000000
00000000
00000000
00000000
00000000
00000000
00000000
00000000
00000000
00000000
00000000
00000000
00000000
00000000
00000000
00000000
00000000
00000000
00000000
00000000
00000000
00000000
00000000
00000000
00000000
00000000
00000000
00000000
00000000
00000000
00000000
00000000
00000000
00000000
00000000
00000000
00000000
00000000
00000000
00000000
00000000
00000000
00000000
00000000
00000000
00000000
00000000
00000000
00000000
00000000
00000000
00000000
00000000
00000000
00000000
00000000
00000000
00000000
00000000
00000000
00000000
00000000
00000000
00000000
00000000
00000000
00000000
00000000
00000000
00000000
00000000
00000000
00000000
00000000
00000000
00000000
00000000
00000000
00000000
00000000
00000000
00000000
00000000
00000000
00000000
00000000
00000000
00000000
00000000
00000000
00000000
00000000
00000000
00000000
00000000
00000000
00000000
00000000
00000000
00000000
00000000
00000000
00000000
00000000
00000000
00000000
00000000
00000000
00000000
00000000
00000000
00000000
00000000
00000000
00000000
00000000
00000000
00000000
00000000
00000000
00000000
00000000
00000000
00000000
00000000
00000000
00000000
00000000
00000000
00000000
00000000
00000000
00000000
00000000
00000000
00000000
00000000
00000000
00000000
00000000
00000000
00000000
00000000
00000000
00000000
00000000
00000000
00000000
00000000
00000000
00000000
00000000
00000000
00000000
00000000
00000000
00000000
00000000
00000000
00000000
00000000
00000000
00000000
00000000
00000000
00000000
00000000
00000000
00000000
00000000
00000000
00000000
00000000
00000000
00000000
00000000
00000000
00000000
00000000
00000000
00000000
00000000
00000002
00000000
A0000082
00000000
001B01B0
00000082
00000000
00000000
00000000
00000000
00000000
00000000
00000000
00000000
00000000
00000000
00000000
00000000
00000000
00000000
00000000
00000000
00000000
00000000
00000000
00000000
00000000
00000000
00000000
00000000
00000000
00000000
00000000
00000000
00000000
00000000
00000000
00000000
00000000
00000000
00000000
00000000
00000000
00000000
00000000
00000000
00000000
00000000
00000000
00000000
00000000
00000000
00000000
00000000
00000000
00000000
00000000
00000000
00000000
00000000
00000000
00000000
00000000
00000000
00000000
00000000
00000000
00000000
00000000
00000000
00000000
00000000
00000000
00000000
00000000
00000000
00000000
00000000
00000000
00000000
00000000
00000000
00000000
00000000
00000000
00000000
00000000
00000000
00000000
00000000
00000000
00000000
00000000
00000000
00000000
00000000
00000000
00000000
00000000
00000000
00000000
00000000
00000000
00000000
00000000
00000000
00000000
00000000
00000000
00000000
00000000
00000000
00000000
00000000
00000000
00000000
00000000
00000000
00000000
00000000
00000000
00000000
00000000
00000000
00000000
00000000
00000000
00000000
00000000
00000000
00000000
00000000
00000000
00000000
00000000
00000000
00000000
00000000
00000000
00000000
00000000
00000000
00000000
00000000
00000000
00000000
00000000
00000000
00000000
00000000
00000000
00000000
00000000
00000000
00000000
00000000
00000000
00000000
00000000
00000000
00000000
00000000
00000000
00000000
00000000
00000000
00000000
00000000
00000000
00000000
00000000
00000000
00000000
00000000
00000000
00000000
00000000
00000000
00000000
00000000
00000000
00000000
00000000
00000000
00000000
00000000
00000000
00000000
00000000
00000000
00000000
00000000
00000000
00000000
00000000
00000000
00000000
00000000
00000000
00000000
00000000
00000000
00000000
00000000
00000000
00000000
00000000
00000000
00000000
00000000
00000000
00000000
00000000
00000000
00000000
00000000
00000000
00000000
00000000
00000000
00000000
00000000
00000000
00000000
00000000
00000000
00000000
00000000
00000000
00000000
00000000
00000000
00000000
00000000
00000000
00000000
00000000
00000000
00000000
00000000
00000000
00000000
00000000
00000000
00000000
00000000
00000000
00000000
00000000
00000000
00000000
00000000
00000000
00000000
00000000
00000000
00000006
00000000
00000000
00000000
00000000
00000000
00000000
00000000
00000000
00000000
00000000
00000000
00000000
00000000
00000000
00000000
0000001B
0000001B
0000001B
0000001B
0000001B
0000001B
0000001B
0000001B
0000001B
0000001B
0000001B
0000001B
0000001B
0000001B
0000001B
0000001B
00000001
00000000
00000000
00000000
00000000
00000000
00000000
00000000
00000000
00000000
00000000
00000000
00000000
00000000
00000000
00000000
00000000
00000000
00000000
00000000
00000000
00000000
00000000
00000000
00000000
00000000
00000000
00000000
00000000
00000000
00000000
00000000
00000000
00000000
00000000
00000000
00000000
00000000
00000000
00000000
00000000
00000000
00000000
00000000
00000000
00000000
00000000
00000000
00000000
00000000
00000000
00000000
00000000
00000000
00000000
00000000
00000000
00000000
00000000
00000000
00000000
00000000
00000000
00000000
00000000
00000000
00000000
00000000
00000000
00000000
00000000
00000000
00000000
00000000
00000000
00000000
00000000
00000000
00000000
00000000
00000000
00000000
00000000
00000000
00000000
00000000
00000000
00000000
00000000
00000000
00000000
00000000
00000000
00000000
00000000
00000000
00000000
00000000
00000000
00000000
00000000
00000000
00000000
00000000
00000000
00000000
00000000
00000000
00000000
00000000
00000000
00000000
00000000
00000000
00000000
00000000
00000000
00000000
00000000
00000000
00000000
00000000
00000000
00000000
00000000
00000000
00000000
00000000
00000000
00000000
00000000
00000000
00000000
00000000
00000000
00000000
00000000
00000000
00000000
00000000
00000000
00000000
00000000
00000000
00000000
00000000
00000000
00000000
00000000
00000000
00000000
00000000
00000000
00000000
00000000
00000000
00000000
00000000
00000000
00000000
00000000
00000000
00000000
00000000
00000000
00000000
00000000
00000000
00000000
00000000
00000000
00000000
00000000
00000000
00000000
00000000
00000000
00000000
00000000
00000000
00000000
00000000
00000000
00000000
00000000
00000000
00000000
00000000
00000000
00000000
00000000
00000000
00000000
00000000
00000000
00000000
00000000
00000000
00000000
00000000
00000000
00000000
00000000
00000000
00000000
00000000
00000000
00000000
00000000
00000000
00000000
00000000
00000000
00000000
00000000
00000000
00000000
00000000
00000000
00000000
00000000
00000000
00000000
00000000
00000016
00000000
0000001B
00000000
00000000
00000000
00000000
00000000
00000000
00000000
00000000
00000000
00000000
00000000
00000000
00000000
00000000
00000000
00000200
00000010
DF9E0A20
00000005
000041A0
001B001B
01000000
00000000
00000000
00000000
00000000
00000000
00000000
00000000
00000000
00000000
00000000
00000000
00000000
00000000
00000000
00000000
00000000
00000000
00000000
00000000
00000000
00000000
00000000
00000000
00000000
00000000
00000000
00000000
00000000
00000000
00000000
00000000
00000000
00000000
00000000
00000000
00000000
00000000
00000000
00000000
00000000
00000000
00000000
00000000
00000000
00000000
00000000
00000000
00000000
00000000
00000000
00000000
00000000
00000000
00000000
00000000
00000000
00000000
00000000
00000000
00000000
00000000
00000000
00000000
00000000
00000000
00000000
00000000
00000000
00000000
00000000
00000000
00000000
00000000
00000000
00000000
00000000
00000000
00000000
00000000
00000000
00000000
00000000
00000000
00000000
00000000
00000000
00000000
00000000
00000000
00000000
00000000
00000000
00000000
00000000
00000000
00000000
00000000
00000000
00000000
00000000
00000000
00000000
00000000
00000000
00000000
00000000
00000000
00000000
00000000
00000000
00000000
00000000
00000000
00000000
00000000
00000000
00000000
00000000
00000000
00000000
00000000
00000000
00000000
00000000
00000000
00000000
00000000
00000000
00000000
00000000
00000000
00000000
00000000
00000000
00000000
00000000
00000000
00000000
00000000
00000000
00000000
00000000
00000000
00000000
00000000
00000000
00000000
00000000
00000000
00000000
00000000
00000000
00000000
00000000
00000000
00000000
00000000
00000000
00000000
00000000
00000000
00000000
00000000
00000000
00000000
00000000
00000000
00000000
00000000
00000000
00000000
00000000
00000000
00000000
00000000
00000000
00000000
00000000
00000000
00000000
00000000
00000000
00000000
00000000
00000000
00000000
00000000
00000000
00000000
00000000
00000000
00000000
00000000
00000000
00000000
00000000
00000000
00000000
00000000
00000000
00000000
00000000
00000000
00000000
00000000
00000000
00000000
00000000
00000000
00000000
00000000
00000000
00000000
00000000
00000000
00000000
00000000
00000000
00000000
00000000
00000000
00000000
00000000
00000000
00000000
00000000
00000000
00000000
00000000
00000000
00000000
00000002
00000000
00000000
00000000
00000000
00000000
00000000
00000000
00000000
00000000
00000000
00000000
00000000
00000000
00000000
00000000
00000000
00000000
00000000
00000000
00000000
00000000
00000000
00000000
00000000
00000000
00000000
00000000
00000000
00000000
00000000
00000000
00000000
00000000
00000000
00000000
00000000
00000000
00000000
00000000
00000000
00000000
00000000
00000000
00000000
00000000
00000000
00000000
00000000
00000000
00000000
00000000
00000000
00000000
00000000
00000000
00000000
00000000
00000000
00000000
00000000
00000000
00000000
00000000
00000000
00000000
00000000
00000000
00000000
00000000
00000000
00000000
00000000
00000000
00000000
00000000
00000000
00000000
00000000
00000000
00000000
00000000
00000000
00000000
00000000
00000000
00000000
00000000
00000000
00000000
00000000
00000000
00000000
00000000
00000000
00000000
00000000
00000000
00000000
00000000
00000000
00000000
00000000
00000000
00000000
00000000
00000000
00000000
00000000
00000000
00000000
00000000
00000000
00000000
00000000
00000000
00000000
00000000
00000000
00000000
00000000
00000000
00000000
00000000
00000000
00000000
00000000
00000000
00000000
00000000
00000000
00000000
00000000
00000000
00000000
00000000
00000000
00000000
00000000
00000000
00000000
00000000
00000000
00000000
00000000
00000000
00000000
00000000
00000000
00000000
00000000
00000000
00000000
00000000
00000000
00000000
00000000
00000000
00000000
00000000
00000000
00000000
00000000
00000000
00000000
00000000
00000000
00000000
00000000
00000000
00000000
00000000
00000000
00000000
00000000
00000000
00000000
00000000
00000000
00000000
00000000
00000000
00000000
00000000
00000000
00000000
00000000
00000000
00000000
00000000
00000000
00000000
00000000
00000000
00000000
00000000
00000000
00000000
00000000
00000000
00000000
00000000
00000000
00000000
00000000
00000000
00000000
00000000
00000000
00000000
00000000
00000000
00000000
00000000
00000000
00000000
00000000
00000000
00000000
00000000
00000000
00000000
00000000
00000000
00000000
00000000
00000000
00000000
00000000
00000000
00000000
00000000
00000000
00000000
00000000
00000000
00000000
00000000
00000000
00000000
00000000
00000000
00000000
00000000
00000000
00000000
00000000
00000000
00000000
00000000
00000000
00000000
00000000
00000000
00000000
00000000
00000002
00000000
00000000
00000000
00000181
00000001
00790407
00000000
00000000
00000000
00000000
00000000
00000000
00000000
00000000
00000000
00000000
00000000
00000000
00000000
00000000
00000000
00000000
00000000
00000000
00000000
00000000
00000000
00000000
00000000
00000000
00000000
00000000
00000000
00000000
00000000
00000000
00000000
00000000
00000000
00000000
00000000
00000000
00000000
00000000
00000000
00000000
00000000
00000000
00000000
00000000
00000000
00000000
00000000
00000000
00000000
00000000
00000000
00000000
00000000
00000000
00000000
00000000
00000000
000D349A
000D349A
00000000
00000000
000D349A
000D349A
00000000
00000000
000D349A
000D349A
00000000
00000000
000D349A
000D349A
00000000
00000000
000D349A
000D349A
00000000
00000000
000D349A
000D349A
00000000
00000000
000D349A
000D349A
00000000
00000000
000D349A
000D349A
00000000
00000000
000D349A
000D349A
00000000
00000000
000D349A
000D349A
00000000
00000000
000D349A
000D349A
00000000
00000000
000D349A
000D349A
00000000
00000000
000D349A
000D349A
00000000
00000000
000D349A
000D349A
00000000
00000000
000D349A
000D349A
00000000
00000000
000D349A
000D349A
00000000
00000000
000000F5
00000000
00000000
00000000
00000000
00000000
00000000
00000000
00000000
00000000
00000000
00000000
00000000
00000000
00000000
00000000
00000000
00000000
00000000
00000000
00000000
00000000
00000000
00000000
00000000
00000000
00000000
00000000
00000000
00000000
00000000
00000000
00000000
00000000
00000000
00000000
00000000
00000000
00000000
00000000
00000000
00000000
00000000
00000000
00000000
00000000
00000000
00000000
00000000
00000000
00000000
00000000
00000000
00000000
00000000
00000000
00000000
00000000
00000000
00000000
00000000
00000000
00000000
00000000
00000000
00000000
00000000
00000000
00000000
00000000
00000000
00000000
00000000
00000000
00000000
00000000
00000000
00000000
00000000
00000000
00000000
00000000
00000000
00000000
00000000
00000000
00000000
00000000
00000000
00000000
00000000
00000000
00000000
00000000
00000000
00000000
00000000
00000000
00000000
00000000
00000000
00000000
00000000
00000000
00000000
00000000
00000000
00000000
00000000
00000000
00000000
00000000
00000000
00000000
00000000
00000000
00000000
00000000
00000000
00000000
00000000
00000000
00000000
00000000
00000000
00000000
00000000
00000000
00000012
00000000
00000000
00000000
00000000
00000000
00000000
00000000
00000000
00000000
00000000
00000000
00000000
00000000
00000000
00000000
00000000
00000000
00000000
00000000
00000005
DF9CA880
02000000
00006000
00000000
00000000
00000000
00000000
00000000
000001AC
00000000
00000000
00000000
00000000
00000000
00000000
00000000
00000000
00000000
00000000
00000000
00000000
00000000
00000000
00000000
00000000
00000000
00000000
08000001
00000000
00000000
00000000
00000000
00000000
00000000
00000000
00000000
00000000
00000000
00000000
00000000
00000000
00000000
00000000
00000000
00000000
00000000
00000000
00000000
00000000
00000000
00000000
00000000
00000000
00000000
00000000
00000000
00000000
00000000
00000000
00000000
00000000
00000000
00000000
00000000
00000000
00000000
00000000
00000000
00000000
00000000
00000000
00000000
00000000
00000000
00000000
00000000
00000000
00000000
00000000
00000000
00000000
00000000
00000000
00000000
00000000
00000000
00000000
00000000
00000000
00000000
00000000
00000000
00000000
00000000
00000000
00000000
00000000
00000000
00000000
00000000
00000000
00000000
00000000
00000000
00000000
00000000
00000000
00000000
00000000
00000000
00000000
00000000
00000000
00000000
00000000
00000000
00000000
00000000
00000000
00000000
00000000
00000000
00000000
00000000
00000000
00000000
00000000
00000000
00000000
00000000
00000000
00000000
00000000
00000000
00000000
00000000
00000000
00000000
00000000
00000000
00000000
00000000
00000000
00000000
00000000
00000000
00000000
00000000
00000000
00000000
00000000
00000000
00000000
00000000
00000000
00000000
00000000
00000000
00000000
00000000
00000000
00000000
00000000
00000000
00000000
00000000
00000000
00000000
00000000
00000000
00000000
00000000
00000000
00000000
00000000
00000000
00000000
00000000
00000000
00000000
00000000
00000000
00000000
00000000
00000000
00000000
00000000
00000000
00000000
00000000
00000000
00000000
00000000
00000000
00000000
00000000
00000000
00000000
00000000
00000000
00000000
00000000
00000000
00000000
00000000
00000000
00000000
00000000
00000000
00000000
00000000
00000000
00000000
00000000
00000000
00000000
00000000
00000000
00000000
00000000
00000000
00000000
00000000
00000000
00000000
00000000
00000000
00000000
00000000
00000000
00000000
00000000
00000000
00000000
00000000
00000006
00000000
00000000
00000000
00000000
00000000
00000000
00000000
00000000
00000000
00000000
00000000
00000000
00000000
00000000
00000000
00000000
00000000
00000000
00000000
00000000
00000000
00000000
00000000
00000000
00000000
00000000
00000000
00000000
00000000
00000000
00000000
00000000
00000000
00000000
00000000
00000000
00000000
00000000
00000000
00000000
00000000
00000000
00000000
00000000
00000000
00000000
00000000
00000000
00000000
00000000
00000000
00000000
00000000
00000000
00000000
00000000
00000000
00000000
00000000
00000000
00000000
00000000
00000000
00000000
00000000
00000000
00000000
00000000
00000000
00000000
00000000
00000000
00000000
00000000
00000000
00000000
00000000
00000000
00000000
00000000
00000000
00000000
00000000
00000000
00000000
00000000
00000000
00000000
00000000
00000000
00000000
00000000
00000000
00000000
00000000
00000000
00000000
00000000
00000000
00000000
00000000
00000000
00000000
00000000
00000000
00000000
00000000
00000000
00000000
00000000
00000000
00000000
00000000
00000000
00000000
00000000
00000000
00000000
00000000
00000000
00000000
00000000
00000000
00000000
00000000
00000000
00000000
00000000
00000000
00000000
00000000
00000000
00000000
00000000
00000000
00000000
00000000
00000000
00000000
00000000
00000000
00000000
00000000
00000000
00000000
00000000
00000000
00000000
00000000
00000000
00000000
00000000
00000000
00000000
00000000
00000000
00000000
00000000
00000000
00000000
00000000
00000000
00000000
00000000
00000000
00000000
00000000
00000000
00000000
00000000
00000000
00000000
00000000
00000000
00000000
00000000
00000000
00000000
00000000
00000000
00000000
00000000
00000000
00000000
00000000
00000000
00000000
00000000
00000000
00000000
00000000
00000000
00000000
00000000
00000000
00000000
00000000
00000000
00000000
00000000
00000000
00000000
00000000
00000000
00000000
00000000
00000000
00000000
00000000
00000000
00000000
00000000
00000000
00000000
00000000
00000000
00000000
00000000
00000000
00000000
00000000
00000000
00000000
00000000
00000000
00000000
00000000
00000000
00000000
00000000
00000000
00000000
00000000
00000000
00000000
00000000
00000000
00000000
00000000
00000000
00000000
00000000
00000000
00000000
00000000
00000000
00000000
00000000
00000000
00000000
00000000
00000000
00000000
00000000
00000000
00000006
00000000
00000000
00000028
00000000
00000000
00000008
00000000
00000000
00000000
00000000
00000000
00000000
00000000
00000000
00000000
00000000
00000000
00000000
00000000
00000000
00000000
00000000
00000000
00000000
00000000
00000000
00000000
00000000
00000000
00000000
00000000
00000000
00000000
00000000
00000000
00000000
00000000
00000000
00000000
00000000
00000000
00000000
00000000
00000000
00000000
00000000
00000000
00000000
00000000
00000000
00000000
00000000
00000000
00000000
00000000
00000000
00000000
00000000
00000000
00000000
00000000
00000000
00000000
00000000
00000000
00000000
00000000
00000000
00000000
00000000
00000000
00000000
00000000
00000000
00000000
00000000
00000000
00000000
00000000
00000000
00000000
00000000
00000000
00000000
00000000
00000000
00000000
00000000
00000000
00000000
00000000
00000000
00000000
00000000
00000000
00000000
00000000
00000000
00000000
00000000
00000000
00000000
00000000
00000000
00000000
00000000
00000000
00000000
00000000
00000000
00000000
00000000
00000000
00000000
00000000
00000000
00000000
00000000
00000000
00000000
00000000
00000000
00000000
00000000
00000000
00000000
00000000
00000000
00000000
00000000
00000000
00000000
00000000
00000000
00000000
00000000
00000000
00000000
00000000
00000000
00000000
00000000
00000000
00000000
00000000
00000000
00000000
00000000
00000000
00000000
00000000
00000000
00000000
00000000
00000000
00000000
00000000
00000000
00000000
00000000
00000000
00000000
00000000
00000000
00000000
00000000
00000000
00000000
00000000
00000000
00000000
00000000
00000000
00000000
00000000
00000000
00000000
00000000
00000000
00000000
00000000
00000000
00000000
00000000
00000000
00000000
00000000
00000000
00000000
00000000
00000000
00000000
00000000
00000000
00000000
00000000
00000000
00000000
00000000
00000000
00000000
00000000
00000000
00000000
00000000
00000000
00000000
00000000
00000000
00000000
00000000
00000000
00000000
00000000
00000000
00000000
00000000
00000000
00000000
00000000
00000000
00000000
00000000
00000000
00000000
00000000
00000000
00000000
00000000
00000000
00000000
00000000
00000000
00000000
00000000
00000000
00000000
00000000
00000000
00000000
00000000
00000000
00000000
00000000
00000000
00000000
00000000
00000000
00000000
00000000
00000000
00000000
00000000
00000000
00000000
00000006
00000000
00000000
00000028
00000000
00000000
00000000
00000000
00000000
00000000
00000000
00000000
00000000
00000000
00000000
00000000
00000000
00000000
00000000
00000000
00000000
00000000
00000000
00000000
00000000
00000000
00000000
00000000
00000000
00000000
00000000
00000000
00000000
00000000
00000000
00000000
00000000
00000000
00000000
00000000
00000000
00000000
00000000
00000000
00000000
00000000
00000000
00000000
00000000
00000000
00000000
00000000
00000000
00000000
00000000
00000000
00000000
00000000
00000000
00000000
00000000
00000000
00000000
00000000
00000000
00000000
00000000
00000000
00000000
00000000
00000000
00000000
00000000
00000000
00000000
00000000
00000000
00000000
00000000
00000000
00000000
00000000
00000000
00000000
00000000
00000000
00000000
00000000
00000000
00000000
00000000
00000000
00000000
00000000
00000000
00000000
00000000
00000000
00000000
00000000
00000000
00000000
00000000
00000000
00000000
00000000
00000000
00000000
00000000
00000000
00000000
00000000
00000000
00000000
00000000
00000000
00000000
00000000
00000000
00000000
00000000
00000000
00000000
00000000
00000000
00000000
00000000
00000000
00000000
00000000
00000000
00000000
00000000
00000000
00000000
00000000
00000000
00000000
00000000
00000000
00000000
00000000
00000000
00000000
00000000
00000000
00000000
00000000
00000000
00000000
00000000
00000000
00000000
00000000
00000000
00000000
00000000
00000000
00000000
00000000
00000000
00000000
00000000
00000000
00000000
00000000
00000000
00000000
00000000
00000000
00000000
00000000
00000000
00000000
00000000
00000000
00000000
00000000
00000000
00000000
00000000
00000000
00000000
00000000
00000000
00000000
00000000
00000000
00000000
00000000
00000000
00000000
00000000
00000000
00000000
00000000
00000000
00000000
00000000
00000000
00000000
00000000
00000000
00000000
00000000
00000000
00000000
00000000
00000000
00000000
00000000
00000000
00000000
00000000
00000000
00000000
00000000
00000000
00000000
00000000
00000000
00000000
00000000
00000000
00000000
00000000
00000000
00000000
00000000
00000000
00000000
00000000
00000000
00000000
00000000
00000000
00000000
00000000
00000000
00000000
00000000
00000000
00000000
00000000
00000000
00000000
00000000
00000000
00000000
00000000
00000000
00000000
00000000
00000000
00000000
00000000
00000000
00000000
00000000
00000000
00000000
00000000
00000000
00000000
00000000
00000000
00000000
00000000
00000000
00000000
00000000
00000000
00000000
00000000
00000000
00000000
00000000
00000000
00000000
00000000
00000000
00000000
00000000
00000000
00000000
00000000
00000000
00000000
00000000
00000000
00000000
00000000
00000000
00000000
00000000
00000000
00000000
00000000
00000000
00000000
00000000
00000000
00000000
00000000
00000000
00000000
00000000
00000000
00000000
00000000
00000000
00000000
00000000
00000000
00000000
00000000
00000000
00000000
00000000
00000000
00000000
00000000
00000000
00000000
00000000
00000000
00000000
00000000
00000000
00000000
00000000
00000000
00000000
00000000
00000000
00000000
00000000
00000000
00000000
00000000
00000000
00000000
00000000
00000000
00000000
00000000
00000000
00000000
00000000
00000000
00000000
00000000
00000000
00000000
00000000
00000000
00000000
00000000
00000000
00000000
00000000
00000000
00000000
00000000
00000000
00000000
00000000
00000000
00000000
00000000
00000000
00000000
00000000
00000000
00000000
00000000
00000000
00000000
00000000
00000000
00000000
00000000
00000000
00000000
00000000
00000000
00000000
00000000
00000000
00000000
00000000
00000000
00000000
00000000
00000000
00000000
00000000
00000000
00000000
00000000
00000000
00000000
00000000
00000000
00000000
00000000
00000000
00000000
00000000
00000000
00000000
00000000
00000000
00000000
00000000
00000000
00000000
00000000
00000000
00000000
00000000
00000000
00000000
00000000
00000000
00000000
00000000
00000000
00000000
00000000
00000000
00000000
00000000
00000000
00000000
00000000
00000000
00000000
00000000
00000000
00000000
00000000
00000000
00000000
00000000
00000000
00000000
00000000
00000000
00000000
00000000
00000000
00000000
00000000
00000000
00000000
00000000
00000000
00000000
00000000
00000000
00000000
00000000
00000000
00000000
00000000
00000000
00000000
00000000
00000000
00000000
00000000
00000000
00000000
00000000
00000000
00000000
00000000
00000000
00000000
00000000
00000000
00000000
00000000
00000000
00000000
00000000
00000000
00000000
00000000
00000000
00000000
00000000
00000000
00000000
00000000
00000000
00000000
00000000
00000000
00000000
00000000
00000000
00000000
00000000
00000000
00000000
00000000
00000000
00000000
00000000
00000000
00000000
00000000
00000000
00000000
00000000
00000000
00000000
00000000
00000000
00000000
00000000
00000000
00000000
00000000
00000000
00000000
00000000
00000000
00000000
00000000
00000000
00000000
00000000
00000000
00000000
00000000
00000000
00000000
00000000
00000000
00000000
00000000
00000000
00000000
00000000
00000000
00000000
00000000
00000000
00000000
00000000
00000000
00000000
00000000
00000000
00000000
00000000
00000000
00000000
00000000
00000000
00000000
00000000
00000000
00000000
00000000
00000000
00000000
00000000
00000000
00000000
00000000
00000000
00000000
00000000
00000000
00000000
00000000
00000000
00000000
00000000
00000000
00000000
00000000
00000000
00000000
00000000
00000000
00000000
00000000
00000000
00000000
00000000
00000000
00000000
00000000
00000000
00000000
00000000
00000000
00000000
00000000
00000000
00000000
00000000
00000000
00000000
00000000
00000000
00000000
00000000
00000000
00000000
00000000
00000000
00000000
00000000
00000000
00000000
00000000
00000000
00000000
00000000
00000000
00000000
00000000
00000000
00000000
00000000
00000000
00000000
00000000
00000000
00000000
00000000
00000000
00000000
00000000
00000000
00000000
00000000
00000000
00000000
00000000
00000000
00000000
00000000
00000000
00000000
00000000
00000000
00000000
00000000
00000000
00000000
00000000
00000000
00000000
00000000
00000000
00000000
00000000
00000000
00000000
00000000
00000000
00000000
00000000
00000000
00000000
00000000
00000000
00000000
00000000
00000000
00000000
00000000
00000000
00000000
00000000
00000000
00000000
00000000
00000000
00000000
00000000
00000000
00000000
00000000
00000000
00000000
00000000
00000000
00000000
00000000
00000000
00000000
00000000
00000000
00000000
00000000
00000000
00000000
00000000
00000000
00000000
00000000
00000000
00000000
00000000
00000000
00000000
00000000
00000000
00000000
00000000
00000000
00000000
00000000
00000000
00000000
00000000
00000000
00000000
00000000
00000000
00000000
00000000
00000000
00000000
00000000
00000000
00000000
00000000
00000000
00000000
00000000
00000000
00000000
00000000
00000000
00000000
00000000
00000000
00000000
00000000
00000000
00000000
00000000
00000000
00000000
00000000
00000000
00000000
00000000
00000000
00000000
00000000
00000000
00000000
00000000
00000000
00000000
00000000
00000000
00000000
00000102
00000000
0000000A
0000001E
00000005
000000C8
00000000
00000000
00000001
00000023
00000000
00000000
00000000
00000000
00000005
DF9CA000
00000000
00000B00
00000000
00000000
00000000
000001AC
00000000
00000000
00000000
00000000
00000000
00000000
00000000
00000000
00000000
00000000
000001AC
00000000
00000000
00000000
00000000
00000000
00000000
00000000
00000000
00000000
00000000
00000000
00000000
00000000
00000000
00000000
0000001B
00000000
00000000
00000000
00000000
00000000
00000000
00000000
00000000
00000000
00000000
00000000
00000000
00000000
00000000
00000000
00000000
00000000
00000000
00000000
00000000
00000000
00000000
00000000
00000000
00000000
00000000
00000000
00000000
00000000
00000000
00000000
00000000
00000000
00000000
00000000
00000000
00000000
00000000
00000000
00000000
00000000
00000000
00000000
00000000
00000000
00000000
00000000
00000000
00000000
00000000
00000000
00000000
00000000
00000000
00000000
00000000
00000000
00000000
00000000
00000000
00000000
00000000
00000000
00000000
00000000
00000000
00000000
00000000
00000000
00000000
00000000
00000000
00000000
00000000
00000000
00000000
00000000
00000000
00000000
00000000
00000000
00000000
00000000
00000000
00000000
00000000
00000000
00000000
00000000
00000000
00000000
00000000
00000000
00000000
00000000
00000000
00000000
00000000
00000000
00000000
00000000
00000000
00000000
00000000
00000000
00000000
00000000
00000000
00000000
00000000
00000000
00000000
00000000
00000000
00000000
00000000
00000000
00000000
00000000
00000000
00000000
00000000
00000000
00000000
00000000
00000000
00000000
00000000
00000000
00000000
00000000
00000000
00000000
00000000
00000000
00000000
00000000
00000000
00000000
00000000
00000000
00000000
00000000
00000000
00000000
00000000
00000000
00000000
00000000
00000000
00000000
00000000
00000000
00000000
00000000
00000000
00000000
00000000
00000000
00000000
00000000
00000000
00000000
00000000
00000000
00000000
00000000
00000000
00000000
00000000
00000000
00000000
00000000
00000000
00000000
00000000
00000000
00000000
00000000
00000000
00000000
00000000
00000000
00000000
00000000
00000000
00000000
00000000
00000000
00000000
00000000
00000000
00000000
00000000
00000000
00000000
00000000
00000000
00000000
00000000
00000000
00000000
00000000
00000000
00000000
00000000
00000000
00000002
00000000
000953D6
0015476A
00402670
0029A012
00800440
00402062
003FF440
00000000
00000010
00000000
00000010
00000030
00000000
00000000
00000000
00000000
01083420
00000000
00000000
00000000
0029A010
0043B002
00403000
00000000
00000000
00000000
00000000
00000000
00000000
00000000
00000000
00000000
00000000
00000000
00000000
00000000
00000000
00000000
00000000
00000000
00000000
00000000
00000000
00000000
00000000
00000000
00000000
00000000
00000000
00000000
00000000
00000000
00000000
00000000
00000000
00000000
00000000
00000000
00000000
00000000
00000000
00000000
00000000
00000000
00000000
00000000
00000000
00000000
00000000
00000000
00000000
00000000
00000000
00000000
00000000
00000000
00000000
00000000
00000000
00000000
00000000
00000000
00000000
00000000
00000000
00000000
00000000
00000000
00000000
00000000
00000000
00000000
00000000
00000000
00000000
00000000
00000000
00000000
00000000
00000000
00000000
00000000
00000000
00000000
00000000
00000000
00000000
00000000
00000000
00000000
00000000
00000000
00000000
00000000
00000000
00000000
00000000
00000000
00000000
00000000
00000000
00000000
00000000
00000000
00000000
00000000
00000000
00000000
00000000
00000000
00000000
00000000
00000000
00000000
00000000
00000000
00000000
00000000
00000000
00000000
00000000
00000000
00000000
00000000
00000000
00000000
00000000
00000000
00000000
00000000
00000000
00000000
00000000
00000000
00000000
00000000
00000000
00000000
00000000
00000000
00000000
00000000
00000000
00000000
00000000
00000000
00000000
00000000
00000000
00000000
00000000
00000000
00000000
00000000
00000000
00000000
00000000
00000000
00000000
00000000
00000000
00000000
00000000
00000000
00000000
00000000
00000000
00000000
00000000
00000000
00000000
00000000
00000000
00000000
00000000
00000000
00000000
00000000
00000000
00000000
00000000
00000000
00000000
00000000
00000000
00000000
00000000
00000000
00000000
00000000
00000000
00000000
00000000
00000000
00000000
00000000
00000000
00000000
00000000
00000000
00000000
00000000
00000000
00000000
00000000
00000000
00000000
00000000
00000000
00000000
00000000
00000000
00000000
00000000
00000000
00000000
00000000
00000000
00000000
00000000
00000000
00000000
00000000
00000000
00000000
00000000
00000000
00000000
00000000
00000000
00000000
00000000
00000000
00000000
00000006
00000000
00011080
0000DF80
00000000
00000010
00000060
00000000
0000003D
00000000
00000000
00000000
00000000
00000000
00000000
00000000
00000000
00000000
00000000
00200804
000103BE
007A007B
00000000
00000000
00000000
00000000
00000000
00000000
00000000
00000000
00000000
00000000
00000000
00000000
00000000
00000000
00000000
00000000
00000000
00000000
00000000
00000000
00000000
00000000
00000000
00000000
00000000
00000000
00000000
00000000
00000000
00000000
00000000
00000000
00000000
00000000
00000000
00000000
00000000
00000000
00000000
00000000
00000000
00000000
00000000
00000000
00000000
00000000
00000000
00000000
00000000
00000000
00000000
00000000
00000000
00000000
00000000
00000000
00000000
00000000
00000000
00000000
00000000
00000000
00000000
00000000
00000000
00000000
00000000
00000000
00000000
00000000
00000000
00000000
00000000
00000000
00000000
00000000
00000000
00000000
00000000
00000000
00000000
00000000
00000000
00000000
00000000
00000000
00000000
00000000
00000000
00000000
00000000
00000000
00000000
00000000
00000000
00000000
00000000
00000000
00000000
00000000
00000000
00000000
00000000
00000000
00000000
00000000
00000000
00000000
00000000
00000000
00000000
00000000
00000000
00000000
00000000
00000000
00000000
00000000
00000000
00000000
00000000
00000000
00000000
00000000
00000000
00000000
00000000
00000000
00000000
00000000
00000000
00000000
00000000
00000000
00000000
00000000
00000000
00000000
00000000
00000000
00000000
00000000
00000000
00000000
00000000
00000000
00000000
00000000
00000000
00000000
00000000
00000000
00000000
00000000
00000000
00000000
00000000
00000000
00000000
00000000
00000000
00000000
00000000
00000000
00000000
00000000
00000000
00000000
00000000
00000000
00000000
00000000
00000000
00000000
00000000
00000000
00000000
00000000
00000000
00000000
00000000
00000000
00000000
00000000
00000000
00000000
00000000
00000000
00000000
00000000
00000000
00000000
00000000
00000000
00000000
00000000
00000000
00000000
00000000
00000000
00000000
00000000
00000000
00000000
00000000
00000000
00000000
00000000
00000000
00000000
00000000
00000000
00000000
00000000
00000000
00000000
00000000
00000000
00000000
00000000
00000000
00000000
00000000
00000000
00000000
00000000
00000000
00000000
00000000
00000000
00000000
00000000
00000000
00000000
080303FE
00000000
01000003
00000020
00000000
00000001
00000008
00000000
00000003
00000000
F4330000
FF4CAFC0
00000000
00000099
00000099
00000000
000028F6
000028F6
030E2200
03366E25
D1CA7868
94400037
3B023B02
00000000
00000000
00000000
00000000
00000000
00000000
00000000
00000000
00000000
00000000
00000000
00000000
00000000
00000000
00000000
00000000
00000000
00000000
00000000
00000000
00000000
00000000
00000000
00000000
00000000
00000000
00000000
00000000
00000000
00000000
00000000
00000000
00000000
00000000
00000000
00000000
00000000
00000000
00000000
00000000
00000000
00000000
00000000
00000000
00000000
00000000
00000000
00000000
00000000
00000000
00000000
00000000
00000000
00000000
00000000
00000000
00000000
00000000
00000000
00000000
00000000
00000000
00000000
00000000
00000000
00000000
00000000
00000000
00000000
00000000
00000000
00000000
00000000
00000000
00000000
00000000
00000000
00000000
00000000
00000000
00000000
00000000
00000000
00000000
00000000
00000000
00000000
00000000
00000000
00000000
00000000
00000000
00000000
00000000
00000000
00000000
00000000
00000000
00000000
00000000
00000000
00000000
00000000
00000000
00000000
00000000
00000000
00000000
00000000
00000000
00000000
00000000
00000000
00000000
00000000
00000000
00000000
00000000
00000000
00000000
00000000
00000000
00000000
00000000
00000000
00000000
00000000
00000000
00000000
00000000
00000000
00000000
00000000
00000000
00000000
00000000
00000000
00000000
00000000
00000000
00000000
00000000
00000000
00000000
00000000
00000000
00000000
00000000
00000000
00000000
00000000
00000000
00000000
00000000
00000000
00000000
00000000
00000000
00000000
00000000
00000000
00000000
00000000
00000000
00000000
00000000
00000000
00000000
00000000
00000000
00000000
00000000
00000000
00000000
00000000
00000000
00000000
00000000
00000000
00000000
00000000
00000000
00000000
00000000
00000000
00000000
00000000
00000000
00000000
00000000
00000000
00000000
00000000
00000000
00000000
00000000
00000000
00000000
00000000
00000000
00000000
00000000
00000000
00000000
00000000
00000000
00000000
00000000
00000000
00000000
00000000
00000000
00000000
00000000
00000000
00000000
00000000
00000000
00000000
00000000
00000000
00000000
00000000
00000000
00000000
00000000
00000000
00000000
00000000
00000000
00000000
00000000
00000000
00000000
00000000
00000000
00000000
00000015
00000000
00000006
00000000
00000000
00000000
00000000
00000006
00000000
00000000
00000020
00000020
00000000
DF9CA000
00010020
00000020
00000000
00000000
00000000
00000000
00000000
00000000
00000000
00000000
00000000
00000000
00000000
00000000
00000000
00000000
00000000
00000000
00000000
00000000
00000000
00000000
00000000
00000000
00000000
00000000
00000000
00000000
00000000
00000000
00000000
00000000
00000000
00000000
00000000
00000000
00000000
00000000
00000000
00000000
00000000
00000000
00000000
00000000
00000000
00000000
00000000
00000000
00000000
00000000
00000000
00000000
00000000
00000000
00000000
00000000
00000000
00000000
00000000
00000000
00000000
00000000
00000000
00000000
00000000
00000000
00000000
00000000
00000000
00000000
00000000
00000000
00000000
00000000
00000000
00000000
00000000
00000000
00000000
00000000
00000000
00000000
00000000
00000000
00000000
00000000
00000000
00000000
00000000
00000000
00000000
00000000
00000000
00000000
00000000
00000000
00000000
00000000
00000000
00000000
00000000
00000000
00000000
00000000
00000000
00000000
00000000
00000000
00000000
00000000
00000000
00000000
00000000
00000000
00000000
00000000
00000000
00000000
00000000
00000000
00000000
00000000
00000000
00000000
00000000
00000000
00000000
00000000
00000000
00000000
00000000
00000000
00000000
00000000
00000000
00000000
00000000
00000000
00000000
00000000
00000000
00000000
00000000
00000000
00000000
00000000
00000000
00000000
00000000
00000000
00000000
00000000
00000000
00000000
00000000
00000000
00000000
00000000
00000000
00000000
00000000
00000000
00000000
00000000
00000000
00000000
00000000
00000000
00000000
00000000
00000000
00000000
00000000
00000000
00000000
00000000
00000000
00000000
00000000
00000000
00000000
00000000
00000000
00000000
00000000
00000000
00000000
00000000
00000000
00000000
00000000
00000000
00000000
00000000
00000000
00000000
00000000
00000000
00000000
00000000
00000000
00000000
00000000
00000000
00000000
00000000
00000000
00000000
00000000
00000000
00000000
00000000
00000000
00000000
00000000
00000000
00000000
00000000
00000000
00000000
00000000
00000000
00000000
00000000
00000000
00000000
00000000
00000000
00000000
00000000
00000000
00000000
00000000
00000000
00000000
00000000
00000000
00000000
00009800
80004000
00000000
00000000
00000000
00000000
00000000
00010770
00230024
00000000
00000000
40000020
00000000
0000001D
00000000
00000000
00000000
00000000
00010D56
00000000
00000000
00000000
00000000
00000000
00000000
00000000
00000000
00000000
00000000
00000000
00000000
00000000
00000000
00000000
00000000
00000000
00000000
00000000
00000000
00000000
00000000
00000000
00000000
00000000
00000000
00000000
00000000
00000000
00000000
00000000
00000000
00000000
00000000
00000000
00000000
00000000
00000000
00000000
00000000
00000000
00000000
00000000
00000000
00000000
00000000
00000000
00000000
00000000
00000000
00000000
00000000
00000000
00000000
00000000
00000000
00000000
00000000
00000000
00000000
00000000
00000000
00000000
00000000
00000000
00000000
00000000
00000000
00000000
00000000
00000000
00000000
00000000
00000000
00000000
00000000
00000000
00000000
00000000
00000000
00000000
00000000
00000000
00000000
00000000
00000000
00000000
00000000
00000000
00000000
00000000
00000000
00000000
00000000
00000000
00000000
00000000
00000000
00000000
00000000
00000000
00000000
00000000
00000000
00000000
00000000
00000000
00000000
00000000
C09A0800
0000FF00
00650090
009A0000
00010000
C0018900
C09A0800
0000FF00
00650090
009A0000
B4010000
00010B00
4B000800
B4000090
00000090
009A0000
B4010090
00010000
4B00FF00
B4000090
00000090
000000AB
00010000
0000FF54
C000FFAB
00008990
00000090
00017600
C00189B0
0000FFAB
0001FFAB
0000980C
00000000
00000000
00000000
00000000
00000000
00000000
00000000
00000000
00000000
00000000
00000000
00000000
00000000
00000000
00000000
00000000
00000000
00000000
00000000
00000000
00000000
00000000
00000000
00000000
00000000
00000000
00000000
00000000
00000000
00000000
00000000
00000000
00000000
00000000
00000000
00000000
00000000
00000000
00000000
00000000
00000000
00000000
00000000
00000000
00000000
00000000
00000000
00000000
00000000
00000000
00000000
00000000
00000000
00000000
00000000
00000000
00000000
00000000
00000000
00000000
00000000
00000000
00000000
00000000
00000000
00000000
00000000
00000000
00000000
00000000
00000000
00000000
00000000
00000000
00000000
00000000
00000000
00000000
00000000
00000000
00000000
00000000
00000000
00000000
00000000
00000000
00000000
00000000
00000000
00000000
00000000
00000000
00000000
00000000
00000000
00000000
00000000
00000000
00000000
00000000
00000000
00000000
00000000
00000000
00000000
00000000
00000000
00000000
00000000
00000000
00000000
00000000
00000000
00000000
00000000
00000000
00000000
00000000
00000000
00000000
00000000
00000000
00000000
00000000
00000000
00000000
00000000
00000000
00000000
00000000
00000000
00000000
00000000
00000000
00000000
00000000
00000000
00000000
00000000
00000000
00000000
00000000
00000000
00000000
00000000
00000000
00000000
00000000
00000000
00000000
00000000
00000000
00000000
00000000
00000000
00000000
00000000
00000000
00000000
00000000
00000000
00000000
00000000
00000000
00000000
00000000
00000000
00000000
00000000
00000000
00000000
00000000
00000000
00000000
00000000
00000000
00000000
00000000
00000000
00000000
00000000
00000000
00000000
00000000
00000000
00000000
00000000
00000000
00000000
00000000
00000000
00000000
00000000
00000000
00000000
00000000
00000000
00000000
00000000
00000000
00000000
00000000
00000000
00000000
00000000
00000000
00000000
00000000
00000000
00000000
00000000
00000000
00000000
00000000
00000000
00000000
00000000
00000000
00000000
00000000
00000000
00000000
00000000
00000000
00000000
00000000
00000000
00000000
00000000
00000000
00000000
00000000
00000000
00000000
00000000
00000000
00000000
00000000
00000000
00000000
00000000
00000000
00000000
00000000
00000000
00000000
00000000
00000000
00000000
00000000
00000000
00000000
00000000
00000000
00000000
00000000
00000000
00000000
00000000
00000000
00000000
00000000
00000000
00000000
00000000
00000000
00000000
00000000
00000000
00000000
00000000
00000000
00000000
00000000
00000000
00000000
00000000
00000000
00000000
00000000
00000000
00000000
00000000
00000000
00000000
00000000
00000000
00000000
00000000
00000000
00000000
00000000
00000000
00000000
00000000
00000000
00000000
00000000
00000000
00000000
00000000
00000000
00000000
00000000
00000000
00000000
00000000
00000000
00000000
00000000
00000000
00000000
00000000
00000000
00000000
00000000
00000000
00000000
00000000
00000000
00000000
00000000
00000000
00000000
00000000
00000000
00000000
00000000
00000000
00000000
00000000
00000000
00000000
00000000
00000000
00000000
00000000
00000000
00000000
00000000
00000000
00000000
00000000
00000000
00000000
00000000
00000000
00000000
00000000
00000000
00000000
00000000
00000000
2D000000
00000000
2D000000
00000000
2D000000
00000000
2D000000
00000000
2D000000
00000000
2D000000
00000000
2D000000
00000000
2D000000
00000000
2D000000
00000000
2D000000
00000000
2D000000
00000000
2D000000
00000000
2D000000
00000000
0000006A
00000000
2D000000
00000000
2D000000
00000000
000001AC
00000000
2D000000
00000000
2D000000
00000000
2D000000
00000000
2D000000
00000000
2D000000
00000000
2D000000
00000000
2D000000
00000000
2D000000
00000000
2D000000
00000000
2D000000
00000000
2D000000
00000000
2D000000
00000000
2D000000
00000000
2D000000
00000000
2D000000
00000000
0000001B
00000000
2D000000
00000000
2D000000
00000000
2D000000
00000000
2D000000
00000000
2D000000
00000000
2D000000
00000000
2D000000
00000000
2D000000
00000000
2D000000
00000000
2D000000
00000000
2D000000
00000000
2D000000
00000000
2D000000
00000000
2D000000
00000000
2D000000
00000000
0000001B
00000000
2D000000
00000000
2D000000
00000000
2D000000
00000000
2D000000
00000000
2D000000
00000000
2D000000
00000000
2D000000
00000000
2D000000
00000000
2D000000
00000000
2D000000
00000000
2D000000
00000000
2D000000
00000000
2D000000
00000000
2D000000
00000000
2D000000
00012001
00000000
00010000
00000000
00000000
00000000
00000000
00000000
00000000
00000000
00000000
00000000
00000000
00000000
00000000
00000000
00000000
00000000
00000000
00000000
00000000
00000000
00000000
00000000
00000000
00000000
00000000
00000000
00000000
00000000
00000000
00000000
00000000
00000000
00000000
00000000
00000000
00000000
00000000
00000000
00000000
00000000
00000000
00000000
00000000
00000000
00000000
00000000
00000000
00000000
00000000
00000000
00000000
00000000
00000000
00000000
00000000
00000000
00000000
00000000
00000000
00000000
00000000
00000000
00000000
00000000
00000000
00000000
00000000
00000000
00000000
00000000
00000000
00000000
00000000
00000000
00000000
00000000
00000000
00000000
00000000
00000000
00000000
00000000
00000000
00000000
00000000
00000000
00000000
00000000
00000000
00000000
00000000
00000000
00000000
00000000
00000000
00000000
00000000
00000000
00000000
00000000
00000000
00000000
00000000
00000000
00000000
00000000
00000000
00000000
00000000
00000000
00000000
00000000
00000000
00000000
00000000
00000000
00000000
00000000
00000000
00000000
00000000
00000000
00000000
00000000
00000000
00000000
00000000
00000000
00000000
00000000
00000000
00000000
00000000
00000000
00000000
00000000
00000000
00000000
00000000
00000000
00000000
00000000
00000000
00000000
00000000
00000000
00000000
00000000
00000000
00000000
00000000
00000000
00000000
00000000
00000000
00000000
00000000
00000000
00000000
00000000
00000000
00000000
00000000
00000000
00000000
00000000
00000000
00000000
00000000
00000000
00000000
00000000
00000000
00000000
00000000
00000000
00000000
00000000
00000000
00000000
00000000
00000000
00000000
00000000
00000000
00000000
00000000
00000000
00000000
00000000
00000000
00000000
00000000
00000000
00000000
00000000
00000000
00000000
00000000
00000000
00000000
00000000
00000000
00000000
00000000
00000000
00000000
00000000
00000000
00000000
00000000
00000000
00000000
00000000
00000000
00000000
00000000
00000000
00000000
00000000
00000000
00000000
00000000
00000000
00000000
00000000
00000000
00000000
00000000
00000000
00000000
00000000
00000000
00000000
00000000
00000000
00000000
00000000
00000000
00000000
00000000
00000000
00000000
00000000
00000000
00000000
00000000
00000000
00000000
00000000
00000000
00000000
00000000
00000000
00000000
00000000
00000000
00000000
00000000
00000000
00000000
00000000
00000000
00000000
00000000
00000000
00000000
00000000
00000000
00000000
00000000
00000000
00000000
00000000
00000000
00000000
00000000
00000000
00000000
00000000
00000000
00000000
00000000
00000000
00000000
00000000
00000000
00000000
00000000
00000000
00000000
00000000
00000000
00000000
00000000
00000000
00000000
00000000
00000000
00000000
00000000
00000000
00000000
00000000
00000000
00000000
00000000
00000000
00000000
00000000
00000000
00000000
00000000
00000000
00000000
00000000
00000000
00000000
00000000
00000000
00000000
00000000
00000000
00000000
00000000
00000000
00000000
00000000
00000000
00000000
00000000
00000000
00000000
00000000
00000000
00000000
00000000
00000000
00000000
00000000
00000000
00000000
00000000
00000000
00000000
00000000
00000000
00000000
00000000
00000000
00000000
00000000
00000000
00000000
00000000
00000000
00000000
00000000
00000000
00000000
00000000
00000000
00000000
00000000
00000000
00000000
00000000
00000000
00000000
00000000
00000000
00000000
00000000
00000000
00000000
00000000
00000000
00000000
00000000
00000000
00000000
00000000
00000000
00000000
00000006
00000000
00000000
00000000
00000000
00000000
00000000
00000000
00000000
00000000
00000000
00000000
00000000
00000000
00000000
00000000
00000000
00000000
00000000
00000000
00000000
00000000
00000000
00000000
00000000
00000000
00000000
00000000
00000000
00000000
00000000
00000000
00000000
00000000
00000000
00000000
00000000
00000000
00000000
00000000
00000000
00000000
00000000
00000000
00000000
00000000
00000000
00000000
00000000
00000000
00000000
00000000
00000000
00000000
00000000
00000000
00000000
00000000
00000000
00000000
00000000
00000000
00000000
00000000
00000000
00000000
00000000
00000000
00000000
00000000
00000000
00000000
00000000
00000000
00000000
00000000
00000000
00000000
00000000
00000000
00000000
00000000
00000000
00000000
00000000
00000000
00000000
00000000
00000000
00000000
00000000
00000000
00000000
00000000
00000000
00000000
00000000
00000000
00000000
00000000
00000000
00000000
00000000
00000000
00000000
00000000
00000000
00000000
00000000
00000000
00000000
00000000
00000000
00000000
00000000
00000000
00000000
00000000
00000000
00000000
00000000
00000000
00000000
00000000
00000000
00000000
00000000
00000000
00000000
00000000
00000000
00000000
00000000
00000000
00000000
00000000
00000000
00000000
00000000
00000000
00000000
00000000
00000000
00000000
00000000
00000000
00000000
00000000
00000000
00000000
00000000
00000000
00000000
00000000
00000000
00000000
00000000
00000000
00000000
00000000
00000000
00000000
00000000
00000000
00000000
00000000
00000000
00000000
00000000
00000000
00000000
00000000
00000000
00000000
00000000
00000000
00000000
00000000
00000000
00000000
00000000
00000000
00000000
00000000
00000000
00000000
00000000
00000000
00000000
00000000
00000000
00000000
00000000
00000000
00000000
00000000
00000000
00000000
00000000
00000000
00000000
00000000
00000000
00000000
00000000
00000000
00000000
00000000
00000000
00000000
00000000
00000000
00000000
00000000
00000000
00000000
00000000
00000000
00000000
00000000
00000000
00000000
00000000
00000000
00000000
00000000
00000000
00000000
00000000
00000000
00000000
00000000
00000000
00000000
00000000
00000000
00000000
00000000
00000000
00000000
00000000
00000000
00000000
00000000
00000000
00000000
00000000
00000000
00000000
00000000
00000000
00000000
00000000
00000000
00000000
00000000
00000000
00000000
00000000
00000000
00000000
00000000
00000000
00000000
00000000
00000000
00000000
00000000
00000000
00000000
00000000
00000000
00000000
00000000
00000000
00000000
00000000
00000000
00000000
00000000
00000000
00000000
00000000
00000000
00000000
00000000
00000000
00000000
00000000
00000000
00000000
00000000
00000000
00000000
00000000
00000000
00000000
00000000
00000000
00000000
00000000
00000000
00000000
00000000
00000000
00000000
00000000
00000000
00000000
00000000
00000000
00000000
00000000
00000000
00000000
00000000
00000000
00000000
00000000
00000000
00000000
00000000
00000000
00000000
00000000
00000000
00000000
00000000
00000000
00000000
00000000
00000000
00000000
00000000
00000000
00000000
00000000
00000000
00000000
00000000
00000000
00000000
00000000
00000000
00000000
00000000
00000000
00000000
00000000
00000000
00000000
00000000
00000000
00000000
00000000
00000000
00000000
00000000
00000000
00000000
00000000
00000000
00000000
00000000
00000000
00000000
00000000
00000000
00000000
00000000
00000000
00000000
00000000
00000000
00000000
00000000
00000000
00000000
00000000
00000000
00000000
00000000
00000000
00000000
00000000
00000000
00000000
00000000
00000000
00000000
00000000
00000000
00000000
00000000
00000000
00000000
00000000
00000000
00000000
00000000
00000000
00000000
00000000
00000000
00000000
00000000
00000000
00000000
00000000
00000000
00000000
00000000
00000000
00000000
00000000
00000000
00000000
00000000
00000000
00000000
00000000
00000000
00000000
00000000
00000000
00000000
00000000
00000000
00000000
00000000
00000000
00000000
00000000
00000000
00000000
00000000
00000000
00000000
00000000
00000000
00000000
00000000
00000000
00000000
00000000
00000000
00000000
00000000
00000000
00000000
00000000
00000000
00000000
00000000
00000000
00000000
00000000
00000000
00000000
00000000
00000000
00000000
00000000
00000000
00000000
00000000
00000000
00000000
00000000
00000000
00000000
00000000
00000000
00000000
00000000
00000000
00000000
00000000
00000000
00000000
00000000
00000000
00000000
00000000
00000000
00000000
00000000
00000000
00000000
00000000
00000000
00000000
00000000
00000000
00000000
00000000
00000000
00000000
00000000
00000000
00000000
00000000
00000000
00000000
00000000
00000000
00000000
00000000
00000000
00000000
04130034
1C084082
01004F09
0778012B
81020000
FFFFFFFF
00000000
00000000
00000000
00000000
00000000
00000000
FFFC3CCF
FFFC0FFF
00000000
00000000
00000024
00000000
00000000
00000000
00000000
00000000
00000000
00000000
00000000
00000000
00000000
00000000
00000000
00000000
00000000
00000000
00000000
00000000
00000000
00000000
00000000
00000000
00000000
00000000
00000000
00000000
00000000
00000000
00000000
00000000
00000000
00000000
00000000
00000000
00000000
00000000
00000000
00000000
00000000
00000000
00000000
00000000
00000000
00000000
00000000
00000000
00000000
00000000
00000000
00000000
00000000
00000000
00000000
00000000
00000000
00000000
00000000
00000000
00000000
00000000
00000000
00000000
00000000
00000000
00000000
00000000
00000000
00000000
00000000
00000000
00000000
00000000
00000000
00000000
00000000
00000000
00000000
00000000
00000000
00000000
00000000
00000000
00000000
00000000
00000000
00000000
00000000
00000000
00000000
00000000
00000000
00000000
00000000
00000000
00000000
00000000
00000000
00000000
00000000
00000000
00000000
00000000
00000000
00000000
00000000
00000000
00000000
00000000
00000000
00000000
00000000
00000000
00000000
00000000
00000000
00000000
00000000
00000000
00000000
00000000
00000000
00000000
00000000
00000000
00000000
00000000
00000000
00000000
00000000
00000000
00000000
00000000
00000000
00000000
00000000
00000000
00000000
00000000
00000000
00000000
00000000
00000000
00000000
00000000
00000000
00000000
00000000
00000000
00000000
00000000
00000000
00000000
00000000
00000000
00000000
00000000
00000000
00000000
00000000
00000000
00000000
00000000
00000000
00000000
00000000
00000000
00000000
00000000
00000000
00000000
00000000
00000000
00000000
00000000
00000000
00000000
00000000
00000000
00000000
00000000
00000000
00000000
00000000
00000000
00000000
00000000
00000000
00000000
00000000
00000000
00000000
00000000
00000000
00000000
00000000
00000000
00000000
00000000
00000000
00000000
00000000
00000000
00000000
00000000
00000000
00000000
00000000
00000000
00000000
00000000
00000000
00000000
00000000
00000000
00000000
00000000
00000000
00000000
00000000
00000000
00000000
00000000
00000000
00000000
00000000
00000000
00000000
00000000
00000000
00000000
00000000
00000000
00000000
00000000
00000000
00000000
00000000
00000000
00000000
00000000
00000040
00000000
00000000
00000000
00000000
00000000
00000000
00000000
00000000
00000000
00000000
00000000
00000000
00000000
00000000
00000000
00000000
000F0000
00000000
000000BF
00000000
00000000
000000FF
00000000
00000000
00000000
00000000
00000000
00000000
00000000
00000000
00000000
00000000
00000000
00000000
00000000
00000000
00000000
00000000
00000000
00000000
00000000
00000000
00000000
00000000
00000000
00000000
00000000
00000000
00000000
00000000
00000000
00000000
00000000
00000000
00000000
00000000
00000000
00000000
00000000
00000000
00000000
00000000
00000000
00000000
00000000
00000000
00000000
00000000
00000000
00000000
00000000
00000000
00000000
00000000
00000000
00000000
00000000
00000000
00000000
00000000
00000000
00000000
00000000
00000000
00000000
00000000
00000000
00000000
00000000
00000000
00000000
00000000
00000000
00000000
00000000
00000000
00000000
00000000
00000000
00000000
00000000
00000000
00000000
00000000
00000000
00000000
00000000
00000000
00000000
00000000
00000000
00000000
00000000
00000000
00000000
00000000
00000000
00000000
00000000
00000000
00000000
00000000
00000000
00000000
00000000
00000000
00000000
00000000
00000000
00000000
00000000
00000000
00000000
00000000
00000000
00000000
00000000
00000000
00000000
00000000
00000000
00000000
00000000
00000000
00000000
00000000
00000000
00000000
00000000
00000000
00000000
00000000
00000000
00000000
00000000
00000000
00000000
00000000
00000000
00000000
00000000
00000000
00000000
00000000
00000000
00000000
00000000
00000000
00000000
00000000
00000000
00000000
00000000
00000000
00000000
00000000
00000000
00000000
00000000
00000000
00000000
00000000
00000000
00000000
00000000
00000000
00000000
00000000
00000000
00000000
00000000
00000000
00000000
00000000
00000000
00000000
00000000
00000000
00000000
00000000
00000000
00000000
00000000
00000000
00000000
00000000
00000000
00000000
00000000
00000000
00000000
00000000
00000000
00000000
00000000
00000000
00000000
00000000
00000000
00000000
00000000
00000000
00000000
00000000
00000000
00000000
00000000
00000000
00000000
00000000
00000000
00000000
00000000
00000000
00000000
00000000
00000000
00000000
00000000
00000000
00000000
00000000
00000000
00000000
00000000
00000000
00000000
00000000
00000000
00000000
00000000
00000000
00000000
00000000
00000000
00000108
00000000
00000000
000000C0
0A000064
02008273
00570081
68848353
00000000
00000000
AF000400
00000000
00000000
00000000
00000000
00000000
00000000
00000000
00000000
00000000
00000000
00000000
00000000
00000000
00000000
00000000
00000000
00000000
00000000
00000000
00000000
00000000
00000000
00000000
00000000
00000000
00000000
00000000
00000000
00000000
00000000
00000000
00000000
00000000
00000000
00000000
00000000
00000000
00000000
00000000
00000000
00000000
00000000
00000000
00000000
00000000
00000000
00000000
00000000
00000000
00000000
00000000
00000000
00000000
00000000
00000000
00000000
00000000
00000000
00000000
00000000
00000000
00000000
00000000
00000000
00000000
00000000
00000000
00000000
00000000
00000000
00000000
00000000
00000000
00000000
00000000
00000000
00000000
00000000
00000000
00000000
00000000
00000000
00000000
00000000
00000000
00000000
00000000
00000000
00000000
00000000
00000000
00000000
00000000
00000000
00000000
00000000
00000000
00000000
00000000
00000000
00000000
00000000
00000000
00000000
00000000
00000000
00000000
00000000
00000000
00000000
00000000
00000000
00000000
00000000
00000000
00000000
00000000
00000000
00000000
00000000
00000000
00000000
00000000
00000000
00000000
00000000
00000000
00000000
00000000
00000000
00000000
00000000
00000000
00000000
00000000
00000000
00000000
00000000
00000000
00000000
00000000
00000000
00000000
00000000
00000000
00000000
00000000
00000000
00000000
00000000
00000000
00000000
00000000
00000000
00000000
00000000
00000000
00000000
00000000
00000000
00000000
00000000
00000000
00000000
00000000
00000000
00000000
00000000
00000000
00000000
00000000
00000000
00000000
00000000
00000000
00000000
00000000
00000000
00000000
00000000
00000000
00000000
00000000
00000000
00000000
00000000
00000000
00000000
00000000
00000000
00000000
00000000
00000000
00000000
00000000
00000000
00000000
00000000
00000000
00000000
00000000
00000000
00000000
00000000
00000000
00000000
00000000
00000000
00000000
00000000
00000000
00000000
00000000
00000000
00000000
00000000
00000000
00000000
00000000
00000000
00000000
00000000
00000000
00000000
00000000
00000000
00000000
00000000
00000000
00000000
00000000
00000000
00000000
00000000
00000000
00000000
00000000
00000000
00000000
00000000
00000000
00000000
00000000
00000000
00000000
00000000
000000AA
00000000
00000000
00000000
00000000
00000000
00000000
00000000
00000000
00000000
00000000
00000000
00000000
00000000
00000000
00000000
00000000
00000000
00000000
00000000
00000000
00000000
00000000
00000000
00000000
00000000
00000000
00000000
00000000
00000000
00000000
00000000
00000000
00000000
00000000
00000000
00000000
00000000
00000000
00000000
00000000
00000000
00000000
00000000
00000000
00000000
00000000
00000000
00000000
00000000
00000000
00000000
00000000
00000000
00000000
00000000
00000000
00000000
00000000
00000000
00000000
00000000
00000000
00000000
00000000
00000000
00000000
00000000
00000000
00000000
00000000
00000000
00000000
00000000
00000000
00000000
00000000
00000000
00000000
00000000
00000000
00000000
00000000
00000000
00000000
00000000
00000000
00000000
00000000
00000000
00000000
00000000
00000000
00000000
00000000
00000000
00000000
00000000
00000000
00000000
00000000
00000000
00000000
00000000
00000000
00000000
00000000
00000000
00000000
00000000
00000000
00000000
00000000
00000000
00000000
00000000
00000000
00000000
00000000
00000000
00000000
00000000
00000000
00000000
00000000
00000000
00000000
00000000
00000000
00000000
00000000
00000000
00000000
00000000
00000000
00000000
00000000
00000000
00000000
00000000
00000000
00000000
00000000
00000000
00000000
00000000
00000000
00000000
00000000
00000000
00000000
00000000
00000000
00000000
00000000
00000000
00000000
00000000
00000000
00000000
00000000
00000000
00000000
00000000
00000000
00000000
00000000
00000000
00000000
00000000
00000000
00000000
00000000
00000000
00000000
00000000
00000000
00000000
00000000
00000000
00000000
00000000
00000000
00000000
00000000
00000000
00000000
00000000
00000000
00000000
00000000
00000000
00000000
00000000
00000000
00000000
00000000
00000000
00000000
00000000
00000000
00000000
00000000
00000000
00000000
00000000
00000000
00000000
00000000
00000000
00000000
00000000
00000000
00000000
00000000
00000000
00000000
00000000
00000000
00000000
00000000
00000000
00000000
00000000
00000000
00000000
00000000
00000000
00000000
00000000
00000000
00000000
00000000
00000000
00000000
00000000
00000000
00000000
00000000
00000000
00000000
00000000
00000000
00000000
00000000
00000000
00000000
00000000
00000000
00000000
00000000
00000000
00000000
00000000
00000000
00000000
00000000
00000001
00000000
00000000
00000060
000000F0
00000000
00000000
00000000
00000000
00000000
00000000
00000000
00000000
00000000
00000000
00000000
00000000
00000000
00000000
00000000
00000000
00000000
00000000
00000000
00000000
00000000
00000000
00000000
00000000
00000000
00000000
00000000
00000000
00000000
00000000
00000000
00000000
00000000
00000000
00000000
00000000
00000000
00000000
00000000
00000000
00000000
00000000
00000000
00000000
00000000
00000000
00000000
00000000
00000000
00000000
00000000
00000000
00000000
00000000
00000000
00000000
00000000
00000000
00000000
00000000
00000000
00000000
00000000
00000000
00000000
00000000
00000000
00000000
00000000
00000000
00000000
00000000
00000000
00000000
00000000
00000000
00000000
00000000
00000000
00000000
00000000
00000000
00000000
00000000
00000000
00000000
00000000
00000000
00000000
00000000
00000000
00000000
00000000
00000000
00000000
00000000
00000000
00000000
00000000
00000000
00000000
00000000
00000000
00000000
00000000
00000000
00000000
00000000
00000000
00000000
00000000
00000000
00000000
00000000
00000000
00000000
00000000
00000000
00000000
00000000
00000000
00000000
00000000
00000000
00000000
00000000
00000000
00000000
00000000
00000000
00000000
00000000
00000000
00000000
00000000
00000000
00000000
00000000
00000000
00000000
00000000
00000000
00000000
00000000
00000000
00000000
00000000
00000000
00000000
00000000
00000000
00000000
00000000
00000000
00000000
00000000
00000000
00000000
00000000
00000000
00000000
00000000
00000000
00000000
00000000
00000000
00000000
00000000
00000000
00000000
00000000
00000000
00000000
00000000
00000000
00000000
00000000
00000000
00000000
00000000
00000000
00000000
00000000
00000000
00000000
00000000
00000000
00000000
00000000
00000000
00000000
00000000
00000000
00000000
00000000
00000000
00000000
00000000
00000000
00000000
00000000
00000000
00000000
00000000
00000000
00000000
00000000
00000000
00000000
00000000
00000000
00000000
00000000
00000000
00000000
00000000
00000000
00000000
00000000
00000000
00000000
00000000
00000000
00000000
00000000
00000000
00000000
00000000
00000000
00000000
00000000
00000000
00000000
00000000
00000000
00000000
00000000
00000000
00000000
00000000
00000000
00000000
00000000
00000000
00000000
00000000
00000000
00000000
00000000
8185002F
00004140
00000000
00000000
00000005
DF9CA000
0000FF00
00000005
FF4CAFC0
00000000
EF7FB7FF
9BFFFFFC
00040000
00000022
070D07FF
02000000
00000004
00000001
00000040
03001A00
00000000
00000000
00000000
00000000
00001B00
0003001A
00010300
40000000
00000000
00000000
00000000
00000000
00000000
00000000
00000000
00000000
00000000
00000000
00000000
00000000
00000000
00000000
00000000
00000000
00000000
00000000
00000000
00000000
00000000
00000000
00000000
00000000
00000000
00000000
00000000
00000000
00000000
00000000
00000000
00000000
00000000
00000000
00000000
00000000
00000BE8
00010000
00000000
00000000
00000167
0000016A
0000016E
00000568
00173CB0
000000FF
000062FA
00000164
00000174
00000184
03000001
00007FFF
00000000
00000000
00000000
00000000
0027FE7E
00000000
00000000
00000000
00000000
00000000
00000000
00000000
00000000
00000000
00000000
00000000
00000000
00000000
00000000
00000000
00000000
00000000
00000000
00000000
00000000
00000000
00000000
00000000
00000000
00000000
00000000
00000000
00000000
00000000
00000000
00000000
00000000
00000000
00000000
00000000
00000000
00000000
00000000
00000000
00000000
00000000
00000000
00000000
00000000
0000000B
00000000
00000000
00000000
00002CFF
00000050
00000000
00000000
00000000
00000FFF
00000300
000003FF
44000002
00000000
30000000
000000F4
000000FF
0000007C
000000FF
00000003
00000003
00000003
00000003
00000003
00000003
00000003
00000003
00000003
00000003
00000003
00000003
00000003
00000003
00000003
00000003
00000003
00000003
00000003
00000003
00000003
00000003
00000003
00000003
00000003
00000003
00000003
00000003
00000003
00000003
00000003
00000003
00000003
00000003
00000003
00000003
00000003
00000003
00000003
00000003
00000003
00000003
00000003
00000003
00000000
00000000
00000000
00000000
00000000
00000000
00000000
00000000
00000000
00000000
00000000
00000000
00000000
00000000
00000000
00000000
00000000
00000000
00000000
00000000
00000000
00000000
00000000
00000000
00000000
00000000
00000000
00000000
00000000
00000000
00000000
00000000
00000000
00000000
00000000
00000000
00000000
00000000
00000000
00000000
00000000
00000000
00000000
00000000
00000000
00000000
00000000
00000000
00000000
00000000
00000000
00000000
00000000
00000000
00000000
00000000
00000000
00000000
00000000
00000000
00000000
00000000
00000000
00000000
00000000
10000003
00000000
00011020
0000000D
3C1D0002
03A0F021
0C00420F
3C100001
26100000
0000000D
00000000
00001821
00003021
8F68040C
00042040
00002821
3C0A0020
2409005F
24070011
00601021
0142102A
1040000B
24630001
10C00004
00000000
AF69040C
0800401F
38C60001
AF67040C
38C60001
10800002
00001821
24A50001
0085102B
1040FFF0
00000000
AF68040C
03E00008
00000000
3C020001
8C420FD4
27BDFFE8
AFBF0010
AC440074
0C004260
24040032
8FBF0010
03E00008
27BD0018
8F62044C
3C032000
00431024
10400005
00000000
8F62044C
00431024
1440FFFD
00000000
03E00008
00000000
27BDFFE0
AFB00010
00808021
00000005
DF9E0880
02000000
00004000
00108400
3231FFFF
3C020420
02228825
02118025
3C022000
02028025
AF70044C
8FBF0018
8FB10014
8FB00010
03E00008
27BD0020
27BDFFE8
AFB00010
AFBF0014
0C004032
00808021
00108400
3C022820
02028025
0C004032
AF70044C
8F62044C
3042FFFF
8FBF0014
8FB00010
03E00008
27BD0018
27BDFFE8
AFBF0010
00002021
0C00403D
34058000
0C004051
00002021
30428000
1440FFFC
24040018
24050C00
8F626844
2403FFFB
00431024
0C00403D
AF626844
24040017
0C00403D
2405000A
24040015
0C00403D
2405310B
24040017
0C00403D
2405201F
24040015
0C00403D
34059506
24040017
0C00403D
2405401F
00000005
DF9D0880
00000000
00000000
8F626804
3C030008
00431024
1040000A
00000000
8F4201E8
30421000
10400005
00000000
8F4201EC
30420008
10400002
00000000
24040001
10800005
24040009
0C00403D
24050300
080040A5
24040004
0C00403D
00002821
8F626804
3C030008
00431024
14400005
24020004
2404001C
0C00403D
3405A821
24020004
AF620400
24040004
0C00403D
240501E1
00002021
0C00403D
24051200
3C020001
8F4301E8
34428000
00621824
34028000
14620003
2404001C
0C00403D
3405A410
8FBF0010
03E00008
27BD0018
27BDFFE8
3C06FF1F
34C6FFF3
3C030004
34630404
24040018
AFBF0010
8F620400
2405005A
00461024
00431025
0C00403D
AF620400
8F420008
30420400
10400003
24040004
080040CA
24050061
240501E1
0C00403D
00000000
2404001C
0C00403D
2405039A
24040009
0C00403D
00002821
00002021
0C00403D
24051200
8F620468
34420102
AF620468
8FBF0010
03E00008
27BD0018
27BDFFE8
AFBF0014
AFB00010
8F626804
3C030008
00431024
1040000A
00000000
3C020001
8C420FD4
8C500074
3C020018
02028025
0C004028
02002021
0C004028
36041000
8FBF0014
8FB00010
03E00008
27BD0018
27BDFFE8
AFBF0010
0C0040DB
00000000
0C0040B6
00000000
3C020001
8C420FC4
14400003
3C020100
34422000
AF626808
8FBF0010
03E00008
27BD0018
27BDFFE8
AFBF0010
2404001C
0C00403D
3405941D
2404001C
0C00403D
3405A821
24040009
0C00403D
00002821
00002021
0C00403D
24050C00
8FBF0010
03E00008
27BD0018
27BDFFE8
AFBF0010
0C0040FF
00000000
24020011
AF62040C
24020001
24040064
0C004260
AF627E08
8F627D00
24030003
AF63004C
3442A000
0C0040DB
AF627D00
3C020001
8C420FC4
1440000A
3C03C000
3C04FFFF
8F636808
34847FFF
34621000
00441024
34639000
AF626808
AF636808
3C03C000
3C020001
8C420FD4
34631200
AC430074
0000000D
00000000
8FBF0010
03E00008
27BD0018
27BDFFF0
10A0001D
00005821
3C0CEDB8
358C8320
8C820000
24840004
03A04821
00005021
AFA20000
00004021
91270000
00C71026
30420001
10400002
00061842
006C1826
25080001
00071042
A1220000
2D020008
1440FFF5
00603021
254A0001
2D420004
1440FFF0
25290001
256B0001
0165102B
1440FFE7
00000000
00C01021
03E00008
27BD0010
27BDFFD0
308400FF
AFBF002C
AFB60028
AFB50024
AFB40020
AFB3001C
AFB20018
AFB10014
0C00430E
AFB00010
04410004
00028040
3C02BAD0
080041A8
3442AF01
02028021
00108080
26040014
0C00434E
24050080
26040018
00002821
0C00434E
0040A821
2604001C
24050100
0C00434E
00409821
00408021
3C02003F
3442FFFF
02A08821
02621024
00021080
02029021
0212102B
10400014
24050080
2654FFFC
241600FC
320200FF
14400002
00000000
24050080
12140003
00000000
14560002
00000000
34A50100
0C00434E
02002021
AE220000
26310004
26100004
0212102B
1440FFF0
00002821
3C05003F
34A5FFFF
02A02021
02652824
24A5FFFF
0C004136
2406FFFF
0C004304
00022027
8E23FFFC
10430003
3C02BAD0
080041A8
3442AF03
3C020080
02621024
10400004
3C02BAD0
02A0F809
00000000
3C02BAD0
3442AF04
8FBF002C
8FB60028
8FB50024
8FB40020
8FB3001C
8FB20018
8FB10014
8FB00010
03E00008
27BD0030
27BDFFE8
3C1BC000
AFBF0010
0C00432F
241A0B50
3C010001
AC3B0FD4
8FBF0010
03E00008
27BD0018
27BDFFD0
AFB00010
00008021
AFB20018
3C12DEAD
3652DEAD
AFB10014
3C11FFFE
3631FFFF
AFB60028
3C160008
AFB50024
3C15000C
AFB40020
3C14FFFF
AFB3001C
3C13474C
AFBF002C
8F625000
2403FFDF
00431024
AF625000
8F420000
1452000B
00000000
3C020001
8C420FC4
14400005
AF400000
8F626808
34422000
00511024
AF626808
0C004110
00000000
8F626804
00561024
1440001F
00000000
8F627D00
3442A000
AF627D00
8F624000
34420002
16000015
AF624000
8F620400
00551024
10400002
00000000
24100001
8F4301E0
1600000D
AF4001E0
8F420008
30420040
10400007
00741024
10530005
00000000
0C0040F0
00000000
080041FE
00000000
0C004110
00000000
0000000D
080041D2
00000000
0C004355
00000000
080041D2
00000000
8FBF002C
8FB60028
8FB50024
8FB40020
8FB3001C
8FB20018
8FB10014
8FB00010
03E00008
27BD0030
27BDFFE0
AFBF0018
AFB10014
0C0041B2
AFB00010
3C02FEFE
34420009
240400BC
8F5000D8
24050080
AF4200BC
8F4200D8
8F4301DC
30420010
3C010001
AC220FC4
3C010001
A0230FC0
0C00434E
32100001
240400C0
3C030001
8C630FD4
24050100
0C00434E
AC620084
3C030001
8C630FD4
AC620080
1600000D
24020001
AF60680C
8F626804
34420082
AF626804
24020050
AC60007C
AC620078
24020002
0C004061
AF4200B8
0800423B
00000000
AF4200B8
8F4201E4
30420080
10400011
3C02B49A
0C004158
24040001
AF4200D4
3C111000
3C107FFF
3610FFFF
0C00400C
24040001
8F626810
00511024
1040FFFB
00000000
8F62008C
00501024
08004245
AF62008C
3C040001
8C840FD4
344289AB
AF4200B0
8C8200D8
2403F7EF
00431024
0C0041BC
AC8200D8
8FBF0018
8FB10014
8FB00010
03E00008
27BD0020
00000000
00000000
00000000
8F63680C
8F62680C
00641821
0043102B
10400005
00000000
8F62680C
0043102B
1440FFFD
00000000
03E00008
00000000
24020001
AF627020
8F627020
30420100
1040FFFD
00000000
8F627024
34420001
03E00008
AF627024
00802821
00003021
3C040300
34840003
3C030200
8F627014
34630003
00441024
14430008
00000000
2CA20108
14400005
00000000
24A5FEF8
2CA20108
1040FFFD
24C60200
03E00008
00C51021
8F627000
30420008
1040FFFD
00000000
03E00008
00000000
27BDFFE0
AFB00010
00808021
AFB10014
00A08821
32220080
10400003
AFBF0018
0C00426C
00000000
0C004276
02002021
3C0300FF
3463FFFF
00431024
AF62700C
36220018
0C004289
AF627000
32220100
8F637010
10400003
24020010
AF607024
AF627020
00601021
8FBF0018
8FB10014
8FB00010
03E00008
27BD0020
27BDFFE8
AFBF0010
8F630050
00031402
0460000E
30447FFF
2C820100
10400005
24840100
0C00434E
24050180
080042BC
00000000
2402FFFF
0C004304
00402021
AF620054
080042C9
00000000
2482FF80
2C420080
10400005
00000000
8F620054
24840100
0C00437B
00402821
8FBF0010
03E00008
27BD0018
27BDFFE0
3C027FFF
3442FFFC
AFBF001C
AFB20018
AFB10014
AFB00010
8F63008C
B49A89AB
4B657654
00010015
00040000
00000000
00000000
00000000
00000000
00000000
00206180
00000000
00000000
00000000
00000000
00000000
00000000
00000000
00000000
00000000
00000000
00000000
00000000
00000000
00000000
00000000
00000000
00000000
00000000
00000000
00000000
00000000
00000000
00000000
00000000
00000000
00000000
00000000
00000000
00000000
00000000
00000000
00000000
00000000
00000000
B49A89AB
00000004
00000001
FEFE0009
00000000
484B1C86
0B2FEFD8
00000000
00000000
00000000
00000001
14182440
DDEE1F05
6E016152
DF04A000
0B7D5CD8
C8C32645
C6110554
3F288FA0
37688A48
C9E30D55
F71886B5
9F04A980
AE0664FB
8A425251
009B9695
3F65FC30
14182640
DDEE1F05
6E016152
9F04A000
0B7D5CD8
C8C32645
C6110555
3F288FE0
3F688A4A
C9E30D55
E7180695
9F448980
AE2664FB
C8420251
C0198695
1F65FC30
14182440
C9E21E05
66010151
9E04A000
0B7D5CD8
CAC30645
C6110557
3B288FF0
37680A4A
C9E30D45
EE1986B5
9F048980
AE2664FB
8AC20251
04199695
2F65FC30
14102440
C8E21F05
66012150
9F44A000
0B7D5CD8
C8C32645
C6110515
3F288FE0
37688E4A
C9E30D45
C6180695
9F048980
AE2664FB
C8C20651
46199495
1F65FCB0
00005111
00000000
01800002
00000015
00000030
C8C30645
C6110555
3F288F60
3768084A
C9E30D55
00000000
9F048980
AE266CFB
8A425251
009B9695
00000000
14182460
00000000
00000000
00000000
00000000
00000000
00000000
00000000
00000000
00000000
00000000
00000000
00000000
00000000
00000000
00000000
00000000
00000000
00000000
00000000
00000000
00000000
00000000
00000000
00000000
00000000
00000000
00000000
00000000
00000000
00000000
00000000
00000000
00000000
6E016152
9F04A010
0B7D5CD8
C8C32645
C6110555
3F288FF0
37688A4A
C9E30D55
F71886B5
9F048980
AE2664FB
8A425251
001B9695
1F65FC30
14102640
DDEE1F05
6E016152
9F04A000
0B7D5CD8
C8C32645
C6110555
3F288FE0
37688A4A
C9E30D55
F71886B5
9F048980
AE2664FB
8A425251
009B9695
3F65FC30
14182440
DDEE1F05
6E016152
9F04A000
0B7D5CD8
C8C32645
C6110555
3F288FE0
37689A4A
C9E30D55
FF1886B5
9F0C8980
BE2665FB
8A425251
009B9695
3F65EC30
1410A640
DDEE1F05
6E016152
9F042000
0B7D5CD8
C8C32645
C6110555
3F288FE0
376C0A4A
C9E30D55
F7188695
9F048980
AE2664FB
88420251
00199695
1F65FC20
14182440
DDE21E05
6E010153
9B04A000
0B7C5CD9
C8C30645
C6110555
3F288DA0
37280AC8
C9E30D55
F71886B5
9F048980
AE2664FB
8A425251
009B9695
1F65FC30
14182440
DDEE1F25
6E016152
9F04A000
0B7D4CD8
C8C32645
C6110555
3F288FE0
37680A48
00000000
8F627000
34420010
0C004289
AF627000
3C020001
8C420FCC
AF607000
10400003
24020010
AF726808
24020010
AF607024
AF627020
8FBF001C
8FB20018
8FB10014
8FB00010
03E00008
27BD0020
53FC268F
BAD3DD60
CFAFC554
1BE29F3A
D354FF44
FAC613F8
E2E400D4
213CBB56
114CB2ED
00000000
00001FE0
00000000
FFFFFFFF
C0000000
2CB07074
F0C32461
040473AF
285074AF
1501000A
00000000
2C00BF8F
2800B48F
2400B38F
2000B28F
1C00B18F
1800B08F
0800E003
3000BD27
0008023C
141B4294
02000324
02130200
DBB1D311
DB030E1A
AFC97105
1962B2D1
CA67E653
AE4B3947
89191741
0D6A3110
0500E21E
4A6711E1
5003874C
FE2D5055
1413A74A
33B90F53
520AC521
366DD546
0740858F
60D493B3
4182DE2C
7C4D5057
2082F3D2
1E210777
E001CA00
5E055457
0000006E
00000000
736F6E69
630D0A55
534E3A20
75756964
3A363338
39353237
312D3630
30302D30
3531392D
33303030
2D304343
44423431
39354642
373A3A75
726E3A73
6368656D
61732D75
706E702D
6F72673A
73657276
6963653A
52656E64
6572696E
67436F6E
74726F6C
3A310D0A
0D0ABD6E
6F910000
00000000
00044C20
C00011D0
00000000
00000006
0E000228
000E0022
002A0000
FFFFFFFF
D1BD0007
00000102
00000005
B146FD09
282BD31B
01005E7F
FFFA0CCD
B4195FB7
080045C0
02167023
40000411
344AC0A8
1F07EFFF
FFFA076C
076C0202
45F94E4F
54494659
202A2048
5454502F
312E310D
0A484F53
543A2032
33392E32
35352E32
35352E32
80001278
00000000
35303A31
3930300D
0A434143
48452D43
4F4E5452
4F4C3A20
6D61782D
6167653D
36360D0A
4C4F4341
54494F4E
3A206874
74703A2F
2F313932
2E313638
2E33312E
373A3439
3135322F
64657363
72697074
696F6E2E
786D6C0D
0A4F5054
3A202268
7474703A
2F2F7363
68656D61
732E7570
6E702E6F
72672F75
800012F8
00000000
706E702F
312F302F
223B206E
733D3031
0D0A3031
2D4E4C53
3A206463
62336364
35632D38
3561342D
31316631
2D613166
332D6633
33636332
37633364
33390D0A
4E543A20
75726E3A
73636865
6D61732D
75706E70
2D6F7267
3A736572
76696365
3A436F6E
6E656374
696F6E4D
616E6167
65723A31
0D0A4E54
80001378
00000000
533A2073
7364703A
616C6976
650D0A53
45525645
523A204C
696E7578
2F352E31
352E3134
382D616E
64726F69
6431342D
31312D67
33373031
30343436
66353233
2C205550
6E502F31
2E302C20
536D6172
74536861
72652064
65766963
65732F31
2E31342E
32350D0A
582D5573
65722D41
67656E74
3A207265
00000070
00000000
64736F6E
69630D0A
55534E3A
20757569
643A3633
38393532
37312D36
3030302D
30353139
2D333030
302D3043
43444234
31393546
42373A3A
75726E3A
73636865
6D61732D
75706E70
2D6F7267
3A736572
76696365
3A436F6E
6E656374
696F6E4D
616E6167
65723A31
0D0A0D0A
32C161A2
00000000
00045020
C0001450
00000000
00000006
0E0000F6
000E0022
002A0000
FFFFFFFF
59570007
00000101
00000003
F99FEAF1
D9EEBDDD
1C860B2F
EFD8504F
3BA90B64
08004500
00E47BA7
40003511
70EC7C72
FBBAC0A8
1FA03C60
812400D0
267BE1A0
BB2F9700
E1AA5FD3
3B9076A9
3068D7FC
8D9383EB
B9CFADC7
24F9228B
3281DB27
E941588E
800014F8
00000000
FE62DD02
96C530E6
61C8FBB5
B4282E78
33ECD192
58D1EF1E
87670DF9
2B95B6ED
09DE79D5
1FEDFD27
6692AC4E
7A8B04E5
81872B5E
66E27E67
631B3460
1914B144
1488084E
50AB1258
1E4F3FCC
D0C5A537
08553011
50118467
2B29D42C
E002AEC6
8FADED50
72C84EB3
EBA55FDE
C80BBC3D
EFA168F3
8D5BD387
0000002E
00000000
5A5278E7
7FEC7905
1978289E
25AC31D3
37FCA1C0
27058824
89CC4548
9072559A
8B8B0A26
F6839C79
2F0AA636
98920000
00000000
0001EC00
28AE7B07
4623517C
6EB22B4C
67A74B2C
341C53B5
B232A2DF
99AD305B
4F3DB926
F9217E07
FBD5BD9C
666330C9
6F6BB443
E5C83C47
0E7BBFEC
91C8E2D2
6B2776A8
C00015D0
00000000
00000006
0E0000D2
000E0022
002A0000
FFFFFFFF
26260007
00000103
00000003
3751F97E
57DBF6FA
1C860B2F
EFD8504F
3BA90B64
08004500
00C0472D
40003611
D7976A73
DAACC0A8
1FA05C11
812400AC
292E082B
EDB0088F
082A123B
090B0D1D
0419261F
3A053805
381A311A
3F690827
1860590B
5148082B
80001678
00000000
082B9272
91627E18
38493D18
6952694A
694A694A
72426942
7C46701E
624D7D1F
69497F4F
694A694A
69496B4A
264D3B19
3A1A3D1C
381B3A05
60477BAB
0A202E18
38493D18
6952694A
694A694A
72426942
7C46701E
624D7D1F
69497F4F
694A694A
69496B4A
264D3B19
3A1A3D1C
381B3A05
60477B1B
6D6A1E10
0000000A
00000000
582A6127
74A78E19
29540000
00000000
00000000
0001A400
FECA3A75
B0CC6C3F
8ADF662F
B7B67271
355130EC
AD86CE3F
478B0993
AE448BB9
B469D3FF
57297753
8B77E194
9474E6B0
A85A10A1
B3DCB845
FABF41F2
108FBC5D
33A195C2
D1D52AB0
8DE91A26
00CA2A68
51B6E33D
9C8C0A2B
AFA58DD0
48BC73E8
C0001750
00000000
00000006
0E0001E6
000E0022
002A0000
FFFFFFFF
D17B0007
00000102
00000005
EDCA14C5
84484A7E
01005E7F
FFFA0CCD
B4195FB7
080045C0
01D47035
40000411
347AC0A8
1F07EFFF
FFFA076C
076C01C0
79E64E4F
54494659
202A2048
5454502F
312E310D
0A484F53
543A2032
33392E32
35352E32
35352E32
800017F8
00000000
35303A31
3930300D
0A434143
48452D43
4F4E5452
4F4C3A20
6D61782D
6167653D
36360D0A
4C4F4341
54494F4E
3A206874
74703A2F
2F313932
2E313638
2E33312E
373A3439
3135322F
64657363
72697074
696F6E2E
786D6C0D
0A4F5054
3A202268
7474703A
2F2F7363
68656D61
732E7570
6E702E6F
72672F75
80001878
00000000
706E702F
312F302F
223B206E
733D3031
0D0A3031
2D4E4C53
3A206463
62336364
35632D38
3561342D
31316631
2D613166
332D6633
33636332
37633364
33390D0A
4E543A20
75706E70
3A726F6F
74646576
6963650D
0A4E5453
3A207373
64703A61
6C697665
0D0A5345
52564552
3A204C69
6E75782F
352E3135
800018F8
00000000
2E313438
2D616E64
726F6964
31342D31
312D6733
37303130
34343666
3532332C
2055506E
502F312E
302C2053
6D617274
53686172
65206465
76696365
732F312E
31342E32
350D0A58
2D557365
722D4167
656E743A
20726564
736F6E69
630D0A55
534E3A20
75756964
3A363338
39353237
312D3630
30302D30
0000002E
00000000
3531392D
33303030
2D304343
44423431
39354642
373A3A75
706E703A
726F6F74
64657669
63650D0A
0D0A3C30
CC230000
00000000
0003CC20
D782A59F
221E9AA9
A619E5A9
832E2921
893D0298
0E923731
8BC609DF
21F62B58
66E07E26
98C3DB69
3F1F7D9C
997FE3B3
EA3B37C7
BB2C1B1B
661464F9
48FF6CB1
C00019D0
00000000
00000006
0E0001EF
000E0022
002A0000
FFFFFFFF
D1840007
00000102
00000005
F005D11A
88084C3F
01005E7F
FFFA0CCD
B4195FB7
080045C0
01DD7036
40000411
3470C0A8
1F07EFFF
FFFA076C
076C01C9
03B04E4F
54494659
202A2048
5454502F
312E310D
0A484F53
543A2032
33392E32
35352E32
35352E32
80001A78
00000000
35303A31
3930300D
0A434143
48452D43
4F4E5452
4F4C3A20
6D61782D
6167653D
36360D0A
4C4F4341
54494F4E
3A206874
74703A2F
2F313932
2E313638
2E33312E
373A3439
3135322F
64657363
72697074
696F6E2E
786D6C0D
0A4F5054
3A202268
7474703A
2F2F7363
68656D61
732E7570
6E702E6F
72672F75
80001AF8
00000000
706E702F
312F302F
223B206E
733D3031
0D0A3031
2D4E4C53
3A206463
62336364
35632D38
3561342D
31316631
2D613166
332D6633
33636332
37633364
33390D0A
4E543A20
75756964
3A363338
39353237
312D3630
30302D30
3531392D
33303030
2D304343
44423431
39354642
370D0A4E
54533A20
73736470
80001B78
00000000
3A616C69
76650D0A
53455256
45523A20
4C696E75
782F352E
31352E31
34382D61
6E64726F
69643134
2D31312D
67333730
31303434
36663532
332C2055
506E502F
312E302C
20536D61
72745368
61726520
64657669
6365732F
312E3134
2E32350D
0A582D55
7365722D
4167656E
743A2072
6564736F
6E69630D
00000037
00000000
0A55534E
3A207575
69643A36
33383935
3237312D
36303030
2D303531
392D3330
30302D30
43434442
34313935
4642370D
0A0D0AF1
A7770D00
00000000
0003DE20
ED93638D
9394F5FE
9BA37EC5
C5B9F9E3
1F5D3A19
F985ECC7
19F6B9C0
2DE95A7E
509122B5
553D3C8D
42B5446A
2013F63E
7AC0D613
DC9E4B89
C0001C50
00000000
00000006
0E00021E
000E0022
002A0000
FFFFFFFF
D1B30007
00000102
00000005
B186FE6D
4987938F
01005E7F
FFFA0CCD
B4195FB7
080045C0
020C7037
40000411
3440C0A8
1F07EFFF
FFFA076C
076C01F8
625F4E4F
54494659
202A2048
5454502F
312E310D
0A484F53
543A2032
33392E32
35352E32
35352E32
80001CF8
00000000
35303A31
3930300D
0A434143
48452D43
4F4E5452
4F4C3A20
6D61782D
6167653D
36360D0A
4C4F4341
54494F4E
3A206874
74703A2F
2F313932
2E313638
2E33312E
373A3439
3135322F
64657363
72697074
696F6E2E
786D6C0D
0A4F5054
3A202268
7474703A
2F2F7363
68656D61
732E7570
6E702E6F
72672F75
80001D78
00000000
706E702F
312F302F
223B206E
733D3031
0D0A3031
2D4E4C53
3A206463
62336364
35632D38
3561342D
31316631
2D613166
332D6633
33636332
37633364
33390D0A
4E543A20
75726E3A
73636865
6D61732D
75706E70
2D6F7267
3A646576
6963653A
4D656469
6152656E
64657265
723A310D
0A4E5453
3A207373
80001DF8
00000000
64703A61
6C697665
0D0A5345
52564552
3A204C69
6E75782F
352E3135
2E313438
2D616E64
726F6964
31342D31
312D6733
37303130
34343666
3532332C
2055506E
502F312E
302C2053
6D617274
53686172
65206465
76696365
732F312E
31342E32
350D0A58
2D557365
722D4167
656E743A
20726564
736F6E69
00000066
00000000
630D0A55
534E3A20
75756964
3A363338
39353237
312D3630
30302D30
3531392D
33303030
2D304343
44423431
39354642
373A3A75
726E3A73
6368656D
61732D75
706E702D
6F72673A
64657669
63653A4D
65646961
52656E64
65726572
3A310D0A
0D0A7B39
A8120000
00000000
00043C20
E7DF6903
8DF0B86D
C0001ED0
00000000
00000006
0E00021C
000E0022
002A0000
FFFFFFFF
D1B10007
00000102
00000005
6E8251B3
02A0AA52
01005E7F
FFFA0CCD
B4195FB7
080045C0
020A7038
40000411
3441C0A8
1F07EFFF
FFFA076C
076C01F6
94954E4F
54494659
202A2048
5454502F
312E310D
0A484F53
543A2032
33392E32
35352E32
35352E32
80001F78
00000000
35303A31
3930300D
0A434143
48452D43
4F4E5452
4F4C3A20
6D61782D
6167653D
36360D0A
4C4F4341
54494F4E
3A206874
74703A2F
2F313932
2E313638
2E33312E
373A3439
3135322F
64657363
72697074
696F6E2E
786D6C0D
0A4F5054
3A202268
7474703A
2F2F7363
68656D61
732E7570
6E702E6F
72672F75
80001FF8
00000000
706E702F
312F302F
223B206E
733D3031
0D0A3031
2D4E4C53
3A206463
62336364
35632D38
3561342D
31316631
2D613166
332D6633
33636332
37633364
33390D0A
4E543A20
75726E3A
73636865
6D61732D
75706E70
2D6F7267
3A736572
76696365
3A415654
72616E73
706F7274
3A310D0A
4E54533A
20737364
80002078
00000000
703A616C
6976650D
0A534552
5645523A
204C696E
75782F35
2E31352E
3134382D
616E6472
6F696431
342D3131
2D673337
30313034
34366635
32332C20
55506E50
2F312E30
2C20536D
61727453
68617265
20646576
69636573
2F312E31
342E3235
0D0A582D
55736572
2D416765
6E743A20
72656473
6F6E6963
00000064
00000000
0D0A5553
4E3A2075
7569643A
36333839
35323731
2D363030
302D3035
31392D33
3030302D
30434344
42343139
35464237
3A3A7572
6E3A7363
68656D61
732D7570
6E702D6F
72673A73
65727669
63653A41
56547261
6E73706F
72743A31
0D0A0D0A
445B0714
00000000
00000000
00043820
A5901B16
FFB327B0
C0002150
00000000
00000006
0E000226
000E0022
002A0000
FFFFFFFF
D1BB0007
00000102
00000005
B3158E89
7034F1E3
01005E7F
FFFA0CCD
B4195FB7
080045C0
02147039
40000411
3436C0A8
1F07EFFF
FFFA076C
076C0200
77644E4F
54494659
202A2048
5454502F
312E310D
0A484F53
543A2032
33392E32
35352E32
35352E32
800021F8
00000000
35303A31
3930300D
0A434143
48452D43
4F4E5452
4F4C3A20
6D61782D
6167653D
36360D0A
4C4F4341
54494F4E
3A206874
74703A2F
2F313932
2E313638
2E33312E
373A3439
3135322F
64657363
72697074
696F6E2E
786D6C0D
0A4F5054
3A202268
7474703A
2F2F7363
68656D61
732E7570
6E702E6F
72672F75
80002278
00000000
706E702F
312F302F
223B206E
733D3031
0D0A3031
2D4E4C53
3A206463
62336364
35632D38
3561342D
31316631
2D613166
332D6633
33636332
37633364
33390D0A
4E543A20
75726E3A
73636865
6D61732D
75706E70
2D6F7267
3A736572
76696365
3A52656E
64657269
6E67436F
6E74726F
6C3A310D
0A4E5453
800022F8
00000000
3A207373
64703A61
6C697665
0D0A5345
52564552
3A204C69
6E75782F
352E3135
2E313438
2D616E64
726F6964
31342D31
312D6733
37303130
34343666
3532332C
2055506E
502F312E
302C2053
6D617274
53686172
65206465
76696365
732F312E
31342E32
350D0A58
2D557365
722D4167
656E743A
20726564
0000006E
00000000
736F6E69
630D0A55
534E3A20
75756964
3A363338
39353237
312D3630
30302D30
3531392D
33303030
2D304343
44423431
39354642
373A3A75
726E3A73
6368656D
61732D75
706E702D
6F72673A
73657276
6963653A
52656E64
6572696E
67436F6E
74726F6C
3A310D0A
0D0A4DD3
17EA0000
00000000
00044C20
C00023D0
00000000
00000006
0E000228
000E0022
002A0000
FFFFFFFF
D1BD0007
00000102
00000005
3DB85628
65616D33
01005E7F
FFFA0CCD
B4195FB7
080045C0
0216703A
40000411
3433C0A8
1F07EFFF
FFFA076C
076C0202
45F94E4F
54494659
202A2048
5454502F
312E310D
0A484F53
543A2032
33392E32
35352E32
35352E32
80002478
00000000
35303A31
3930300D
0A434143
48452D43
4F4E5452
4F4C3A20
6D61782D
6167653D
36360D0A
4C4F4341
54494F4E
3A206874
74703A2F
2F313932
2E313638
2E33312E
373A3439
3135322F
64657363
72697074
696F6E2E
786D6C0D
0A4F5054
3A202268
7474703A
2F2F7363
68656D61
732E7570
6E702E6F
72672F75
800024F8
00000000
706E702F
312F302F
223B206E
733D3031
0D0A3031
2D4E4C53
3A206463
62336364
35632D38
3561342D
31316631
2D613166
332D6633
33636332
37633364
33390D0A
4E543A20
75726E3A
73636865
6D61732D
75706E70
2D6F7267
3A736572
76696365
3A436F6E
6E656374
696F6E4D
616E6167
65723A31
0D0A4E54
80002578
00000000
533A2073
7364703A
616C6976
650D0A53
45525645
523A204C
696E7578
2F352E31
352E3134
382D616E
64726F69
6431342D
31312D67
33373031
30343436
66353233
2C205550
6E502F31
2E302C20
536D6172
74536861
72652064
65766963
65732F31
2E31342E
32350D0A
582D5573
65722D41
67656E74
3A207265
00000070
00000000
64736F6E
69630D0A
55534E3A
20757569
643A3633
38393532
37312D36
3030302D
30353139
2D333030
302D3043
43444234
31393546
42373A3A
75726E3A
73636865
6D61732D
75706E70
2D6F7267
3A736572
76696365
3A436F6E
6E656374
696F6E4D
616E6167
65723A31
0D0A0D0A
1F5AB537
00000000
00045020
C0002650
00000000
00000006
0E0000F6
000E0022
002A0000
FFFFFFFF
59570007
00000101
00000003
A90BED76
28374967
1C860B2F
EFD8504F
3BA90B64
08004500
00E47BCB
40003511
70C87C72
FBBAC0A8
1FA03C60
812400D0
649ECC04
ED13BB00
CC0EE6C3
C42DF0AA
7340549C
B419DE5F
87989367
4EBAAC37
BF76C97D
16357849
800026F8
00000000
6ABF9B5B
50D7CB7C
0D261188
874E9A5D
0A7CA339
DD174E76
A24ABF3D
060C6518
DFFF3CC0
CD75FF21
04395B57
53E5ED04
4BC483A8
0595AE00
335C1C83
22E939E5
301FD261
FE6E75B4
FF6F4CBB
715DE61E
FEEF79A5
9ECF0B96
A51A4F44
369CE2DB
D141F50F
6C8D526A
84BC0EDE
43192260
B7654DB6
7D0715B2
0000002E
00000000
6443D5F9
133958BD
171488CE
1E467B33
BFD40D45
BE1AA161
4A362C95
11BC34C4
8B0DBD4A
35B63610
7F16F4A8
35B20000
00000000
0001EC00
876BA12B
AF5F6C96
743B57B7
13057B56
F407DCC7
D0B9B57F
4E4BA317
6EE247C7
74D55ED5
3CFB4E6B
42745549
B16C5967
A1815C71
0FA04F2E
7B84DD45
E786BFB3
C00027D0
00000000
00000006
0E0002C4
000E0022
002A0000
FFFFFFFF
CF7D0007
00000100
00000007
3BC45AA1
15EC92FD
1C860B2F
EFD8504F
3BA90B64
080045B8
02B2E444
40003311
93702A51
C234C0A8
1FA001BB
FCA5029E
EB574CEC
912B019C
7488C973
AFD1ED8D
6943BBE0
EC3FA7FB
3933D3DE
5D8F3940
3EEF8425
8D8F3A5D
80002878
00000000
4D01E61F
3DC961BD
19CF68B7
EAEDBB33
FC96AE67
D32C8FD2
95E39D2B
C9F5D1A4
CE05B592
4033BC14
3BAA5FCB
96B6F961
33C392DF
A6627F16
ABF0146D
C38A3BF2
9FB30AFB
ADE3E294
3CA7BDA7
98CAFF68
61EC7054
2B717F2A
3AC3A21D
97462B1D
FD7D772B
B0754074
258BA544
7FB1CCF7
EDB7E382
1021FAAC
800028F8
00000000
3043FA33
D7FF3003
1F64812C
CD2B3AE2
483AF7AA
95B9C4B3
26D6599D
1505B820
65CD468D
2E12AA31
956D7636
44EEE0E3
B1327902
9CF4BB5F
34478C2D
0434B994
52B6E8A2
44404A60
91E63C13
3A845E8B
2CBA6D05
CB39770D
9E22880E
966B0155
2097F9EC
AA1FC6D0
63545090
70D53B88
5B5E69D3
535E6905
80002978
00000000
4EF60F05
F69971FC
DFA68617
B237CE38
605CCB41
13FE1B97
C3F94207
30FFFCC9
B388FC2E
06DA4AE5
B7CC2B28
E810EC67
32EBC9D2
04BF2E01
62D6C5B9
1DF1DA93
BDF679C5
5252E563
08F65533
B2750DA2
1314344E
BF79B6BA
76102129
62E94C2F
00A49620
429B2F48
D05C7F45
3A8CED09
85734930
23B19BCB
800029F8
00000000
462DC798
260BB77D
FBF965D1
6113CC8A
BBD16290
1BB6B876
5C7D9FA2
A6DADFDA
F3A039DD
2B6C3A93
7ADA1674
D4B96B0C
358FDA32
2A8F9B55
D79C0ABE
D9BB8FE7
5D8C71D8
4541F618
27E90BD3
65EBB1AC
1149D941
DB546918
F3FA6E00
E9063409
D3B3D89F
D6816904
6ADACC11
5D08EF3E
621F3F6B
16A139EC
80002A78
00000000
DA3469E2
58AA394C
2F34CC67
BE617D61
D3D8D91A
9E0E1105
E380C6D8
0C1748CA
AA074674
B7D24A3D
A0711CDD
41300CCE
DA34267B
5CF05658
7CD138B1
5A5A4D81
95385467
0E0A617E
922463DC
A76C752D
AB0440A8
83ACE792
1615275D
2AC3A8EA
B47E2223
0768223E
66FA51FB
7CBF1C61
27D2FF69
8C478074
0000001C
00000000
33A4893B
29DFE8CA
39BCC355
7470A9FE
8E853305
8B18B259
B7BCE2C8
00000000
00000000
00058800
5E75B416
C6FB90A5
E4839673
D59C137F
5527BA4D
2984B28C
53719FD3
1B91FD75
0FFC1723
8C89F1C6
E18C8040
2FB63285
88E8044E
088CE568
5C9F6D30
4C7803FB
07974DF1
FE8B7836
18AE24F2
E86E0884
C0002B50
00000000
00000006
0E0000F6
000E0022
002A0000
FFFFFFFF
59570007
00000101
00000003
C332FA4B
F2F04F6A
1C860B2F
EFD8504F
3BA90B64
08004500
00E47BD6
40003511
70BD7C72
FBBAC0A8
1FA03C60
812400D0
0930A535
79898B00
A53F20D7
829A34D2
A5E222D5
C24D25B0
01560F88
47887A57
11339FFF
E3344FA1
80002BF8
00000000
99A6EA8B
CA61A98C
F43E080E
1ECFB904
7AB8B473
BA4B9795
FD387F1A
68829DAB
81587AA9
7B6513C6
4963D71F
7F1D8A69
4DC15C1F
909143EC
6D645E30
4E360FC0
2996C748
9247D23B
AC79D3B5
84EEE749
2DE14A6C
96F9E51F
0D442D44
AD538F16
7F750FA5
FA6A2D48
DD608032
D16771AD
E34B8EA6
7A175B47
0000002E
00000000
90EF052F
8DE66019
CED3F571
B9880A7B
A5C2445B
FF9D0E15
7BB7CBC7
E1491497
70DB8CB1
6215C44F
71FBB4D7
FCE20000
00000000
0001EC00
763EF43D
BF7BF0B4
A5397C26
9A1C840B
5607765E
427B6194
0930438B
53B7CFDC
55B76F0F
2266772F
A3E0DBC1
32DC7D85
006D619F
72FE7CD9
8E1888C3
93C57DAB
C0002CD0
00000000
00000006
0E0000D8
000E0022
002A0000
FFFFFFFF
76740007
00000102
00000003
56A4FFA3
DDB923C1
1C860B2F
EFD8504F
3BA90B64
08004560
00C6F0E9
40003311
E02C1B9B
79CDC0A8
1FA02C43
812400B2
F64C1B01
20371BAB
1B00011D
3B062D0D
282F2A33
35313531
29372834
10204085
2D0F2936
35302E34
80002D78
00000000
35302930
35332B34
5A2D5852
1B011B01
8227E4B0
7D0F2A39
292F2A35
2A2F2D38
35332A35
6A64EB87
1034222F
2E373533
2E2F2235
8A2D07A2
1B011B01
8AAD0285
AD3E6023
72716D37
393B3967
7F65223B
2865783B
2F337A32
21312165
29622137
2F34283B
28312831
21642C64
22233721
39686B77
2D5E6B6E
00000010
00000000
6975393B
2A392339
66C1E4DD
BCD9050A
00000000
0001B000
8CE422B1
2CBAAB3E
E784F970
1549AA32
14992E6F
4EDDC766
5F6AF8B7
D1C3FB44
16B1D6B4
CA377A0A
5E34A2C2
EC727407
92601831
633488BF
5585A7F1
7A797CE6
F8C2BC4C
45956D96
F62E2EC4
EC0A161F
38BE167C
A05C5DB0
CEDCB56B
BBB91285
C0002E50
00000000
00000006
0E000075
000E0022
002A0000
FFFFFFFF
353F0007
00000100
00000002
1F93CBD9
17CD8E0E
1C860B2F
EFD8504F
3BA90B64
08004560
0063AF6D
40003311
62DE3B38
195EC0A8
1FA02C1C
8124004F
61F06AA4
7CA46AE3
6AA570B8
4AA85CA8
598A5B91
44944494
589C5A92
61853120
56E26AF8
0CAA5B9C
00000025
00000000
588A5B90
5B8A5C9D
44965B90
1BC19A22
66954495
53924495
598A5894
5B355F38
C6D76DF5
43000000
00000000
0000EA00
810EEE31
168FD270
8F6DE26C
6E9F7BDC
04FA2BEA
39FC44C2
4286D3B6
6F11AD48
41447396
DC411EF0
5D6F6088
104293E2
02F4CBAD
BEC2E76D
09439214
DC887679
8A85C3AC
16D0EA62
C0002F50
00000000
00000006
0E0000D2
000E0022
002A0000
FFFFFFFF
26260007
00000103
00000003
A4029C9E
17972085
1C860B2F
EFD8504F
3BA90B64
08004500
00C04747
40003611
D77D6A73
DAACC0A8
1FA05C11
812400AC
3703082B
EDB0088F
082A123B
090B0D1D
0419261F
3A053805
381A311A
3F690827
1860590B
5148082B
80002FF8
00000000
082B9272
91627E18
38493D18
6952694A
694A694A
72426942
7C46701E
624D7D1F
69497F4F
694A694A
69496B4A
264D3B19
3A1A3D1C
381B3A05
60477BAB
0A202E18
38493D18
6952694A
694A694A
72426942
7C46701E
624D7D1F
69497F4F
694A694A
69496B4A
264D3B19
3A1A3D1C
381B3A05
60477B1B
6D6A1039
0000000A
00000000
582C6127
74A7FA22
01300000
00000000
00000000
0001A400
00000103
0000000D
0812325C
BC53DFC4
1C860B2F
EFD8504F
3BA90B64
08004500
05A09DD2
40003306
BD7A721C
94A6C0A8
1FA04B48
C77B7BB3
E202DF1E
BE6A5010
009951AE
0000DA43
1B71E8CA
F2E7E261
2D3A3D5D
D6347773
82F2EDFD
B51FF836
C00030D0
00000000
00000006
0E0000F6
000E0022
002A0000
FFFFFFFF
59570007
00000101
00000003
9EAA7F81
C120C261
1C860B2F
EFD8504F
3BA90B64
08004500
00E47BEF
40003511
70A47C72
FBBAC0A8
1FA03C60
812400D0
3BD897BC
F6954600
97B68D9A
B66BC9CD
62521DF6
42D75FBF
18FC62DC
9896FD5B
E0F3FE77
0CF2DDF6
80003178
00000000
1441ECE5
350137D6
40E12797
E659BBAF
16CA56D1
F6943FAE
564E4C8C
4FEE7535
5C97BB8A
618670C3
04F063B2
FC6A67CD
94FCF20E
3DD65BCD
9F13F56A
85B784E2
CE230B0B
A2B03F2F
16EB2BF3
7DAAAF05
B562442A
419C210E
E5518462
4A5B0F98
07D4BF6F
82907967
63AF9748
BADE925F
6605429F
A27367C7
0000002E
00000000
7689ECF7
5743801E
116DEA5C
BEDA8AC4
A3261E8C
2391DE8F
D6510B53
DE8EAB45
52110678
D10A32B6
2381178A
54B50000
00000000
0001EC00
D895E11D
6BC10118
AEE0ED97
88AC270F
DFF10E34
5C608134
F44ECD36
BA1A4729
AD6C4E18
4716D8C9
C79CA638
94F750CC
4244D325
AC0109C2
48C7A438
7740BAA9
C0003250
00000000
00000006
0E0000C8
000E0022
002A0000
FFFFFFFF
DD5F0007
00000102
00000002
57EE342C
4439B86A
1C860B2F
EFD8504F
3BA90B64
08004500
00B66BF7
40003511
FC93B68D
45D6C0A8
1FA065F0
812400A2
1C17275D
F48727C7
275C3D4D
267D266B
2B6E096C
15731773
176F116E
121F2767
E6367606
A33E275D
00000078
00000000
275DB6F1
3ED9516E
173F126E
4D3C463C
4C3C463C
10284632
5E295D34
4C3F5530
462E4039
462B443C
463C4C3C
093B146F
156D1F69
176D1573
4F3154D1
2C71116E
173F126E
4D3C463C
4C3C463C
10284632
5E295D34
4C3F5530
462E4039
462B443C
463C4C3C
093B146F
156D1F69
176D1573
4F315411
AE50338D
C0003350
00000000
00000006
0E0000C8
000E0022
002A0000
FFFFFFFF
DD5F0007
00000102
00000002
A5E62856
1161E8FE
1C860B2F
EFD8504F
3BA90B64
08004500
00B66BF8
40003511
FC92B68D
45D6C0A8
1FA065F0
812400A2
1C17275D
F48727C7
275C3D4D
267D266B
2B6E096C
15731773
176F116E
121F2767
E6367606
A33E275D
00000078
00000000
275DB6F1
3ED9516E
173F126E
4D3C463C
4C3C463C
10284632
5E295D34
4C3F5530
462E4039
462B443C
463C4C3C
093B146F
156D1F69
176D1573
4F3154D1
2C71116E
173F126E
4D3C463C
4C3C463C
10284632
5E295D34
4C3F5530
462E4039
462B443C
463C4C3C
093B146F
156D1F69
176D1573
4F315411
198F75DC
C0003450
00000000
00000006
0E0000CB
000E0022
002A0000
FFFFFFFF
DD620007
00000102
00000003
4E291709
B8CA665A
1C860B2F
EFD8504F
3BA90B64
08004500
00B96BFE
40003511
FC89B68D
45D6C0A8
1FA065F0
812400A5
2846275D
F48727C0
275C3D4D
267D246B
2B6E096C
15731773
176F116E
121F2767
E6367606
A33E275D
800034F8
00000000
275DB6F1
3ED9516E
173F126E
4D3C463C
4C3C463C
10284632
5E295D34
4C3F5530
462E4039
462B443C
463C4C3C
093B146F
156D1F69
176D1573
4F3154D1
2C7B146D
45681437
463C4636
463C466A
523C4824
53274E36
452F4A3C
543A433C
513E463C
46364673
416E156F
1765136D
176F0935
4B2E165D
851D39AE
00000003
00000000
2A461100
00000000
00000000
00019600
E687397D
A29F8F04
0F92EA01
47F43648
F8CE6FB9
CAB22CAB
1873EADC
1270939E
DC10CC7F
29A07FF1
10C3FBF4
BE791B04
CCC02E06
5F8A7856
A0D94F03
DCDA5BF3
D454453E
6164A576
80E3BB62
F1E9BD6D
7B7E22C3
CDEC5DAB
C7B74043
CA3FD81A
11B7C36B
F6CB6736
40000040
00000000
0000000E
0E000040
000E0022
00360000
FFFFFFFF
C5380007
00000103
00000001
6BC5C29A
5E1E8C17
1C860B2F
EFD8504F
3BA90B64
08004500
00280000
40002B06
8AB2246E
C067C0A8
1FA001BB
E56E7EC3
A3CE0000
00005004
0000E106
00000000
00000000
B9518CF9
00000000
00008000
34A30DCD
507427A4
40000040
00000000
0000000E
0E000040
000E0022
00360000
FFFFFFFF
C5380007
00000103
00000001
33EADB48
5C6FDAC5
1C860B2F
EFD8504F
3BA90B64
08004500
00280000
40002B06
8AB2246E
C067C0A8
1FA001BB
E56E7EC3
A3CE0000
00005004
0000E106
00000000
00000000
B9518CF9
00000000
00008000
C0ED9A12
3B6BB121
C00036D0
00000000
00000006
0E0000F6
000E0022
002A0000
FFFFFFFF
59570007
00000101
00000003
7714CDFC
CD0FC4DE
1C860B2F
EFD8504F
3BA90B64
08004500
00E47C1F
40003511
70747C72
FBBAC0A8
1FA03C60
812400D0
DEAF1832
DDB92800
183896B1
476FD831
B2D4BC11
F0ED33A3
F4217439
DE2CDD0F
A129162A
2F2182FF
80003778
00000000
EB1A9B2B
D5000DFF
5A0C9D24
A74A8BBF
5ADC4C5C
627F0F27
BA5EDCBB
4268D3B6
153FC967
CB5A64EC
20410DB8
E5868F64
AC0D315F
FA2801C8
8B6A25EF
A61BD1CA
1DB17599
F18ABE74
521F2F48
77CB2BD9
09E4762F
0F43DA03
B1FE11A3
D36BCAF9
2E4788E2
81EF6481
A1F0C7B3
909D4D5F
BC66BF1C
5FCCA87A
0000002E
00000000
CC6F46A1
BA0F265F
BA90FD2F
CDC1C2FE
C97DC332
B5A1FB14
06B9383E
9CE21C3C
EAE0A662
E9811D0F
488C549C
73CE0000
00000000
0001EC00
BBFD7BBB
29318656
A2B72618
BE9882E8
95E337CC
9BC02D0F
D18E4714
DB7F6EAB
C87F6FB3
8BE8CBA4
966F87BD
039C2C47
03926CF6
6A5050C2
835BDBD1
EB18ECE7
C0003850
00000000
00000006
0E0000F6
000E0022
002A0000
FFFFFFFF
59570007
00000101
00000003
FE94D019
0A871678
1C860B2F
EFD8504F
3BA90B64
08004500
00E47C41
40003511
70527C72
FBBAC0A8
1FA03C60
812400D0
69393C5C
F6CBE300
3C561899
F82FE4EC
EB1DB195
CA2C6DAC
7284E73B
1084C31F
E4839E1B
A785BF7C
800038F8
00000000
BA5B509D
14F0C9D2
9F1851C0
93FA9BC0
EBBA6F95
0A09D5B3
05BB1597
38BA974D
C795D99A
D3B83EDD
2CC21A91
AAB299EE
FF9CED79
4FED3EFF
0A2BE290
55542574
F8A4E863
3C62B53C
0D2D9B6B
AB8AB6D4
AFA03CF8
61D6B998
FC6D2D4C
01D1FE8B
81BA1E3D
A99E42D4
669D702E
E72FB477
FD69DE44
E4B071FB
0000002E
00000000
F2A61FC3
56261DEF
109CA3B6
CBBA0BA3
7D3796B3
D8A3BA6E
9B77AB1A
262C1A58
EB24ECA1
34D4EC5C
7D231251
4E100000
00000000
0001EC00
84C75286
04E9FFA3
E3E7A019
14A6FC9E
74AB127B
8F4FA52A
E5458713
EDBBB819
30DEDA10
4AAB5307
967F1773
1341A670
B1E1E0CB
5E7C252F
4D90BC6A
44A0C9F4
C00039D0
00000000
00000006
0E000338
000E0022
002A0000
FFFFFFFF
C37A0007
00000102
00000008
90D2EEC9
B46E22B2
FFFFFFFF
FFFF0CCD
B4195FB7
080045C0
03263073
4000FF11
873CC0A8
1F07C0A8
1FFF14E9
14E90312
36320000
84000000
000A0000
00040137
02333103
31363803
31393207
696E2D61
64647204
61727061
80003A78
00000000
00000C80
01000000
78001B13
7869616F
6D692D30
63636462
34313935
66623705
6C6F6361
6C000F56
696DE79A
84524544
4D4920E2
80A6085F
61697270
6C617904
5F746370
C0450010
80010000
119400D4
1A646576
69636569
643D3063
3A63643A
62343A31
393A3566
3A623718
66656174
75726573
3D307835
80003AF8
00000000
32374646
4646372C
30783145
09666C61
67733D30
78340470
773D3010
6D6F6465
6C3D4170
706C6554
56332C32
43706B3D
46383234
42343431
31383931
43363332
46323531
46323430
42394333
41423231
35373543
37443945
46343641
37444132
36363146
42393031
34353443
31373741
2770693D
32653338
80003B78
00000000
38303036
2D313362
612D3430
34312D39
6136372D
32356464
34613433
64353336
0E737263
76657273
3D323230
2E363804
76763D32
095F7365
72766963
6573075F
646E732D
7364045F
756470C0
45000C00
01000011
940002C0
5CC05C00
0C000100
00119400
02C04C1C
30636364
62343139
35666237
4056696D
80003BF8
00000000
E79A8452
45444D49
20E280A6
055F7261
6F70C065
00108001
00001194
00BD0463
683D3208
636E3D31
2C322C33
0764613D
74727565
0865743D
302C332C
35126674
3D307835
32374646
4646372C
30783145
086D643D
302C312C
320D616D
3D417070
6C655456
332C3243
706B3D46
38323442
34343131
38393143
80003C78
00000000
36333246
32353146
32343042
39433341
42323135
37354337
44394546
34364137
44413236
36314642
39303134
35344331
37374107
73663D30
78343408
70773D66
616C7365
0674703D
55445008
766E3D36
35353337
0976733D
3232302E
36380476
763D32C1
4A000C00
01000011
940002C1
9AC19A00
0C000100
80003CF8
00000000
00119400
02C17DC0
31000180
01000000
780004C0
A81F07C0
4C002180
01000000
78000800
000000B7
98C031C1
7D002180
01000000
78000800
000000B7
98C031C0
0C002F80
01000000
780006C0
0C000200
08C04C00
2F800100
00119400
09C04C00
05000080
0040C17D
002F8001
00001194
0009C17D
00050000
00000018
00000000
800040C0
31002F80
01000000
780005C0
31000140
70029A2D
00000000
00067000
53735A9F
8AEAF7A4
1C860B2F
EFD8504F
3BA90B64
08004500
05A09DD4
40003306
BD78721C
94A6C0A8
1FA04B48
C77B7BB3
ECF2DF1E
BE6A5010
0099F7B7
00000AC2
CC85DC6C
0B441247
0AF4315A
5CFFCA46
A76FA24C
F93DBE7E
C0003DD0
00000000
00000006
0E000338
000E0022
002A0000
FFFFFFFF
C3CE0007
00000102
00000008
879B23C3
FE4655CA
01005E00
00FB0CCD
B4195FB7
080045C0
03264F92
4000FF11
67C9C0A8
1F07E000
00FB14E9
14E90312
35DE0000
84000000
000A0000
00040137
02333103
31363803
31393207
696E2D61
64647204
61727061
80003E78
00000000
00000C80
01000000
78001B13
7869616F
6D692D30
63636462
34313935
66623705
6C6F6361
6C000F56
696DE79A
84524544
4D4920E2
80A6085F
61697270
6C617904
5F746370
C0450010
80010000
119400D4
1A646576
69636569
643D3063
3A63643A
62343A31
393A3566
3A623718
66656174
75726573
3D307835
80003EF8
00000000
32374646
4646372C
30783145
09666C61
67733D30
78340470
773D3010
6D6F6465
6C3D4170
706C6554
56332C32
43706B3D
46383234
42343431
31383931
43363332
46323531
46323430
42394333
41423231
35373543
37443945
46343641
37444132
36363146
42393031
34353443
31373741
2770693D
32653338
80003F78
00000000
38303036
2D313362
612D3430
34312D39
6136372D
32356464
34613433
64353336
0E737263
76657273
3D323230
2E363804
76763D32
095F7365
72766963
6573075F
646E732D
7364045F
756470C0
45000C00
01000011
940002C0
5CC05C00
0C000100
00119400
02C04C1C
30636364
62343139
35666237
4056696D
80003FF8
00000000
E79A8452
45444D49
20E280A6
055F7261
6F70C065
00108001
00001194
00BD0463
683D3208
636E3D31
2C322C33
0764613D
74727565
0865743D
302C332C
35126674
3D307835
32374646
4646372C
30783145
086D643D
302C312C
320D616D
3D417070
6C655456
332C3243
706B3D46
38323442
34343131
38393143
80004078
00000000
36333246
32353146
32343042
39433341
42323135
37354337
44394546
34364137
44413236
36314642
39303134
35344331
37374107
73663D30
78343408
70773D66
616C7365
0674703D
55445008
766E3D36
35353337
0976733D
3232302E
36380476
763D32C1
4A000C00
01000011
940002C1
9AC19A00
0C000100
00000006
BBBCC2D2
00220002
00000000
00000007
280E85C0
012B0006
00000000
00000007
7F54BF76
002A0003
00000000
00000006
324AC200
05590007
00000000
00000001
AE8DCED2
00220002
00000000
00000006
E10CED38
00080002
00000000
00000008
804CD000
05C00006
00000000
00000001
AE8DD8D2
00220002
00000000
00000008
804CD5C0
012B0006
00000000
00000007
199E6F56
002A0003
00000000
00000007
9CCD75C0
01580007
00000000
00000006
6BCE8F82
00370007
00000000
00000006
6C3CC392
00370007
00000000
00000007
26599F92
00370007
00000000
00000006
F30E5352
00220002
00000000
00000006
E10CED38
00080002
00000000
00000007
280E8000
05C00006
00000000
00000006
F30E6BD2
00220002
00000000
00000007
280E85C0
012B0006
00000000
00000005
BC1E35F2
00370007
00000000
00000005
2399C8D2
00220002
00000000
00000006
E10CED38
00080002
00000000
00000007
280E8000
05C00006
00000000
00000005
2399C852
00220002
00000000
00000007
280E85C0
012B0006
00000000
00000001
C0DDFF92
00370007
00000000
00000005
FF4CAF82
00370007
00000000
00000005
03A1EB48
00080002
00000000
00000007
280E8000
05C00006
00000000
00000006
BBBDA2D2
00220002
00000000
00000007
280E85C0
012B0006
00000000
00000007
7F54BF76
002A0003
00000000
00000006
B68BD200
043F0007
00000000
00000008
2D1CAF82
00360007
00000000
00000008
2D1CAF82
00360007
00000000
00000007
930AAF82
00370007
00000000
00000007
7F54BF76
002A0003
00000000
00000006
B68BE200
043F0007
00000000
00000007
7F54BF76
002A0003
00000000
00000007
C425C740
031E0007
00000000
00000008
2D1CAF7A
00420007
00000000
00000005
03A1EB26
002A0003
00000000
00000006
B68BE200
043F0007
00000000
00000008
2D1CAF82
00360007
00000000
00000006
647D0F82
00360003
00000000
00000006
779C5D80
00020007
00000000
00000001
FC1EEF82
00360003
00000000
00000004
6F9A2200
001E0007
00000000
00000005
509F3C02
00360003
00000000
00000006
DD217C40
00310007
00000000
00000006
647D0F82
00360003
00000000
00000007
26561740
00C90007
00000000
00000005
03A1EB26
002A0003
00000000
00000006
B68BE200
043F0007
00000000
00000006
BBBDE652
00220002
00000000
00000005
03A1EB48
00080002
00000000
00000007
280E8000
05C00006
00000000
00000006
BBBDDAD2
00220002
00000000
00000007
280E85C0
012B0006
00000000
00000007
7F54BF76
002A0003
00000000
00000006
372D4200
043F0007
00000000
00000007
7F54BF76
002A0003
00000000
00000006
37233200
043F0007
00000000
00000007
7F54BF76
002A0003
00000000
00000007
C425C740
043F0007
00000000
00000007
0DB6C552
00220002
00000000
00000007
7F54BF98
00080002
00000000
00000007
280E8000
05C00006
00000000
00000007
0DB6C752
00220002
00000000
00000007
280E85C0
012B0006
00000000
00000005
03A1EB26
002A0003
00000000
00000001
413D6D40
00270007
00000000
00000007
7F54BF76
002A0003
00000000
00000000
0928C200
043F0007
00000000
00000001
AE8EFAD2
00220002
00000000
00000006
E10CED38
00080002
00000000
00000008
804CD000
05C00006
00000000
00000001
AE8EF8D2
00220002
00000000
00000008
804CD5C0
012B0006
00000000
00000006
BBBC5AD2
00220002
00000000
00000005
03A1EB48
00080002
00000000
00000007
280E8000
05C00006
00000000
00000006
BBBC6DD2
00220002
00000000
00000007
280E85C0
012B0006
00000000
00000006
E10CED16
002A0003
00000000
00000006
DD217C40
00210007
00000000
00000005
03A1EB26
002A0003
00000000
00000004
6F9A2200
00360007
00000000
00000006
E10CED16
002A0003
00000000
00000006
DD217C40
00360007
00000000
00000007
7F54BF76
002A0003
00000000
00000006
779C5D80
007F0007
00000000
00000007
905C9FA6
002A0003
00000000
00000007
C425C740
043F0007
00000000
00000001
AE8F4AD2
00220002
00000000
00000007
7F54BF98
00080002
00000000
00000008
804CD000
05C00006
00000000
00000001
AE8F5352
00220002
00000000
00000008
804CD5C0
012B0006
00000000
00000007
905C9FA6
002A0003
00000000
00000007
C425C740
009C0007
00000000
00000006
5AFDCF96
002A0003
00000000
00000005
AF677740
009C0007
00000000
00000006
5AFDCF96
002A0003
00000000
00000005
AF677740
05090007
00000000
00000006
5AFDCF96
002A0003
00000000
00000005
AF677740
043F0007
00000000
00000006
5AFDCF96
002A0003
00000000
00000006
B68BD200
043F0007
00000000
00000008
19D08922
00360003
00000000
00000006
779C5D80
001F0007
00000000
00000008
19D08922
00360007
00000000
00000006
5AFDCF96
002A0003
00000000
00000005
1CDD9740
043F0007
00000000
00000007
0DB6F152
00220002
00000000
00000006
5AFDCFB8
00080002
00000000
00000007
280E8000
05C00006
00000000
00000007
0DB6F0D2
00220002
00000000
00000007
280E85C0
012B0006
00000000
00000006
5AFDCF96
002A0003
00000000
00000006
37233200
043F0007
00000000
00000006
5AFDCF96
002A0003
00000000
00000005
AF677740
043F0007
00000000
00000006
5AFDCF96
002A0003
00000000
00000005
1CDD9740
043F0007
00000000
00000006
BBBCBAD2
00220002
00000000
00000007
199E6F78
00080002
00000000
00000007
280E8000
05C00006
00000000
40000046
00000000
0000000E
0E000046
000E0022
00420000
FFFFFFFF
61630007
00000103
00000001
DAE226E3
A8CFA0EA
1C860B2F
EFD8504F
3BA90B64
08004500
0034D908
40003506
0B7F968A
EA69C0A8
1FA001BB
DFA38643
56F4842D
8B6F8010
01FF2915
00000101
050A842D
8B6E842D
8B6FE9A2
1DBF0000
00000000
00008C00
40000046
00000000
0000000E
0E000046
000E0022
00420000
FFFFFFFF
61630007
00000103
00000001
BA58B97E
3E62514A
1C860B2F
EFD8504F
3BA90B64
08004500
003456D4
40003506
8DB3968A
EA69C0A8
1FA001BB
E9F954B7
B65D0689
16CC8010
01FFC7B9
00000101
050A0689
16CB0689
16CC6DA2
24E90000
00000000
00008C00
40000046
00000000
0000000E
0E000046
000E0022
00420000
FFFFFFFF
D8020007
00000101
00000001
69943C31
5EC64BD3
1C860B2F
EFD8504F
3BA90B64
08004500
0034D814
40003506
95D39007
678CC0A8
1FA001BB
CDA38119
D553E329
78348010
01FF67FC
00000101
050AE329
7833E329
7834BC83
A3320000
00000000
00008C00
C0004A50
00000000
00000006
0E0000F6
000E0022
002A0000
FFFFFFFF
59570007
00000101
00000003
ECFFA201
6562F440
1C860B2F
EFD8504F
3BA90B64
08004500
00E47C79
40003511
701A7C72
FBBAC0A8
1FA03C60
812400D0
26A2FB8F
FA5E0500
FB85961D
5511D0CA
997BC091
6ADE5BE2
4F898D09
6A9D1FDB
841598A3
45B7A7EE
80004AF8
00000000
E1095AC2
515E8867
BFED974E
579760A6
CFC4F125
4D4A212B
063A2167
26672F1E
7AA2AF3F
BD096458
CE4BE953
EE0734B8
CB4826AC
28776D95
77379560
1701C0FC
1DC896C3
F38F685F
B4BF1630
D81167D6
6EE5C71F
77122766
22614049
F55AD958
6D6D8E6A
E5EEC6B9
C96AB4E1
A7389372
4C87759D
8CB79058
0000002E
00000000
ADF12EC5
7C6D7728
F5A64322
0DA8CA38
F1E6A5C0
93128574
9F9B20BA
C14FF190
54E9D3FF
A05A5E78
8B47DE9D
DA660000
00000000
0001EC00
BDD61193
7720A753
7ED240E4
A0110466
9211A59F
73216470
2D2F8AC5
D687CA35
2E4878A4
ECB2CA84
048DE937
CE129B1F
123FBF25
178984DE
29A9EDEA
F13B24C5
40000046
00000000
0000000E
0E000046
000E0022
00420000
FFFFFFFF
D8020007
00000101
00000001
834EC3A1
C0095541
1C860B2F
EFD8504F
3BA90B64
08004500
003466B3
40003506
07359007
678CC0A8
1FA001BB
CDA41E35
A9481A80
7D928010
01FF40CE
00000101
050A1A80
7D911A80
7D9260FD
D8420000
00000000
00008C00
C0004C50
00000000
00000006
0E0000F6
000E0022
002A0000
FFFFFFFF
59570007
00000101
00000003
4E10183C
73B6003A
1C860B2F
EFD8504F
3BA90B64
08004500
00E47C7C
40003511
70177C72
FBBAC0A8
1FA03C60
812400D0
81E1DA33
09752100
DA39FE9D
5FBC91AA
46058E6D
1E089FB7
67F7EA05
138912D1
3FAB80AE
83C5F6D3
80004CF8
00000000
77C19863
5B5DD7CE
056E2FA1
A99B635C
97748E29
8A0601A7
A6DEC355
940514BF
E8AAF36F
BCFD8337
F40E65FB
B42FAD44
472D1C2A
E6FAFDB0
0B79043A
ACD830BC
BA1535D0
0B9F3E30
16AF37E9
45EBF940
22177890
62D69619
5FD3657E
B6C9CAB6
250F48FF
BEB5A819
14B6E248
371835D5
C58A8F11
760E67C2
0000002E
00000000
19B67536
25557259
8CB0A47A
26E386D0
EDA693DC
75E0F63E
038EDC58
FEA3AB34
49D644F2
ADD6CC7A
6844D491
1EC70000
00000000
0001EC00
459EBA89
94E7A5FE
6AFADE16
3DA2F06C
4093FFE8
60ACA305
7AD00446
F8CF4AE5
A4B18CC1
D9D61565
3F2011BA
EE36AEA4
FD4822AC
80A54C39
93F4B8FE
49E0D042
40000046
00000000
0000000E
0E000046
000E0022
00420000
FFFFFFFF
90DA0007
00000102
00000001
28B3BF46
70D0B290
1C860B2F
EFD8504F
3BA90B64
08004500
00343281
40003606
818F01C2
AEA9C0A8
1FA001BB
D6580561
601658A5
DD6D8010
01FF0747
00000101
050A58A5
DD6C58A5
DD6DE2F9
0FA80000
00000000
00008C00
80004E78
00000000
19221E9F
C46FEEB6
48AE28EF
A9BC00A1
7B82BC67
F8A26D22
0D68B624
397C8A59
DD8DD555
11E14F2E
D435D597
09C13FC0
34EE97F6
016F9E00
D57DF151
AE8FF6E3
3BCDAD22
92363B27
DBCB27F5
F6DFAC10
0FF629D1
085234AC
8E1E4710
EEED3BBA
0CA3A96F
398F9AD9
5CE78820
FE132851
2612BDFF
41AC39FE
80004EF8
00000000
F7F42B22
5C2A2DFB
A112CF8B
4F8F705F
C4AA8100
9E2A5DB9
BAB9F95C
96714945
96DB0CED
C2A57391
FEA463DA
85129FFC
E3859E19
7A472AFF
6B027F6C
AA76B904
F012ADC9
9F39ED83
8C277257
86DD0764
1653078C
DB2DD457
0ACC5C4A
1018FFF8
0C453BCD
533F9E87
A32FE66F
4ABCC820
EC9AC594
7388551C
80004F78
00000000
24DE7780
3D4CA738
18294766
65FF2876
0EA67634
04829C0E
24373D91
565628A8
C8CC381B
B8017623
D1055ED7
9989C8E9
A721E183
959D8AB4
3F5DEDCC
238B2855
0FD00D3D
9497DFAC
7683A209
181D79CA
BBCD5913
4E19A381
C097BE63
B9B10C14
1A629699
53853951
39D7FF8D
01FB4C33
D9D31491
596E06CA
80004FF8
00000000
57D3D8FF
31CAD100
7467EAB4
1B4F3D2E
6F423243
03916DEB
0BDF72DD
296E103C
00AC4C31
45B8B3D6
9024E636
F6BA832A
59F227E4
E07C9409
891B108F
C3404C2F
8E0D75CB
8C4C742E
F0645DB1
7F38248B
78E882D5
C134EA8D
7B4F0013
8F6C9209
7E8F4ED0
555D8A6C
89066754
2E0086AB
E956CD10
7F2721FD
0000003A
00000000
FC29B1B0
4130FD67
0CF49824
6CF081D0
511586DA
E823A358
4D6010D2
7FD9F53E
FF96E234
BFB1526C
CE3DFDC2
3C78FCB9
D36710C0
5756059C
2C200000
00000000
0DD4215E
9E2E4222
CD77C5CC
63E23817
6BB25F4D
D1F5CD90
720F84BA
8AF4B4AF
EEE36C1A
E126C848
57FFA68B
0EC80CFC
89A5CAAB
A16F967A
C00050D0
00000000
0000000E
0E0005B2
000E0022
00360000
FFFFFFFF
EC9D0007
00000103
0000000D
71B06C25
E5F279CF
1C860B2F
EFD8504F
3BA90B64
08004500
05A09DD8
40003306
BD74721C
94A6C0A8
1FA04B48
C77B7BB1
18AADF1E
BE6A5010
00995E8C
00005A5B
B13AD59C
512B5C85
596D23A2
FD5D9D15
81C9E6FD
2B6DF614
80005178
00000000
2AB094BC
40BD9D60
2AE266D0
31343287
FF22B00E
3F0D4C76
9A15D7C6
46A697B1
DC903F56
B6BEA691
7878ED99
DF9AD478
4513FC4A
AE5B4A35
DEF45C3D
DF8D4CD4
828B988D
F0CBBA30
5379BD7F
9858CD1C
F3F8B689
0C68F47D
5342BA26
2FF97F03
271435D3
C352CBAB
8F96FF09
208DA7C0
B4DB8E20
B74B9802
800051F8
00000000
49930F6D
0023A22C
3F899171
419C35E4
D0A8FD50
616FE786
316200CB
004AD06F
6703497D
69EB85D0
5E09A463
48A78D7A
2F7357DD
ADC516EB
DAC5A429
56EF7FFB
C039155C
0EE0191D
DBD1C027
CF1712BA
468257C7
511A96E9
C6DE364F
2D08F7F8
65BC94A4
79D5CD49
7F866E5D
D3A2ABA8
10216EFC
4D4301A0
80005278
00000000
8CD64C4C
5C41B049
2DB957B9
3FCE8E1B
187117E9
1303B01D
E9DEFA16
3B724E6D
8B2075B9
C2295A38
A5D380F3
19E58BA5
DDB34CFB
36055658
8810E61F
8B813A81
6E63FD84
83C79C72
FDCD4B9C
6A991591
F0A97AA0
32330931
B3023B56
5ACDE525
0695D513
F05221B3
82DC1825
CF9FA4BC
74C6EA33
96D89DDA
800052F8
00000000
5EAD9C62
940DBB21
42DA4DD2
4245D2A7
7FE12F6F
B65F1400
C1547B06
FB896D59
772C4FEF
74316CDA
D1567532
1668CC41
51738C24
A7CA80C1
AC5AA71D
CFF2A23C
F4E2D77B
0CC4D435
AACB41EF
1B19E34A
994B66B2
5139CAEC
545AF2D1
58743DC5
C6D27E29
CAA4E1C4
8EE8932C
EA69091F
DD9D59A7
67280F1F
80005378
00000000
CC1E28AE
1B503E52
745A0412
FA7FCB4D
B49AF204
F23BBCF3
6610717B
36568B6D
F9CC4C55
C6F9DA54
D469CBF8
1DACB86A
14953281
916EDCF4
A2A6CD44
136F3BDE
E512D20F
D2751DC6
209D2828
B0E949CB
9195C531
A68176E1
5BF8553F
702D2287
A934AEB2
DACB616B
F0340566
D25DBD1D
BFB6039B
E7B44D14
800053F8
00000000
850F12B6
5061FB0D
6D75BF67
4D296D2D
86EDDD71
192FA8B7
4B6DA07A
DE939748
AC5A941F
E6E05486
88861BB3
A181CF54
BDE9C028
26EA0E67
278A2810
0A568DDC
3F0C10AA
B5BBBEB7
A452FA3C
841C839E
1F7BF992
99E1192A
3B03B7B1
7A6574AE
B7A29FD8
B95EBFB4
6AF23771
9C36E1FE
D9AEEB3E
81C2D673
80005478
00000000
7C04F3DC
E991EC66
8827F693
1FD9B5A3
67462315
BA2E6D7E
B34331E1
99C7472B
1F4E8D20
26754889
EF01143B
D9744FBD
F4CFFE2E
4DAE5741
6DC65F9D
474598B4
C98CE7EA
1711C198
BBD298AF
10B493CA
C955A8B3
C7CC6765
98D73929
005AA13A
842FD248
BA03F7B9
28C37A0E
3EC43669
0D7D303E
4CB5DCC5
800054F8
00000000
30005701
C8FD6288
87E28E6C
E431AEB5
E0A75BB7
2D3EE89B
86AE4D1D
004C60A9
A7BA55EB
4BA83192
D42B903E
C633B8DB
A2983245
8D6D8079
FC11A387
0D203AE4
414C980C
9146C8BD
49736670
B5A0C5A9
2D98BBE9
281EFF59
7A624B60
8B39B9C2
BCF5A3F6
F4E14142
85D00087
10B3E5AC
E3B8ACC4
F22B67B2
80005578
00000000
5FDB025D
022200FB
D03E83A9
D88780D3
A16D9AB7
7A92CA8B
03DB21C9
B0C46301
82354093
12D397EA
8DB348DA
AF39506F
98D16F71
32D4F4DD
EBA32739
1CC2B852
04F2F05E
3F873F69
48F96074
EBF649A2
50914AD1
F3861ADE
AB3205B7
80801289
F82D0958
2E813355
1115036C
3E678980
CD398B68
035AF9B1
800055F8
00000000
558DB912
E2B719DC
E0943A25
C9ADB944
79CB4626
65D17B83
888221A1
03EBF374
3F07A7CF
75F03D97
C5D649F1
327AA8C8
BF034604
3248DED9
03FA3B67
1394E7C8
3DDB57A8
CC7D70ED
2676908A
DF6CD421
F56A949A
6AA3C8EA
9E7EED0A
E54E0AE8
CA7512B6
B2228758
20D8FAEE
D51A0B5B
B72F8FA3
04379D66
80005678
00000000
A5CE6A71
FB708B97
3D07E410
1F46BE1D
73A9FD65
A09DF054
50E43DB6
833B0EBB
58B47FD2
84FF8BE2
ACD5FAFF
326147AA
A58AF9CD
1A3C4CC6
FEC70966
F434F1A1
D49751D9
F8377299
4FEEA067
34602B2C
48472ADD
321E0671
B03243A4
A9E2A1EA
4D240585
4920A03F
0B796F4A
7188E930
3029CE28
F91CC50C
0000003A
00000000
0B94F25F
5E3FE31D
97CB402C
408FCF3A
C5767CBF
29419DAC
4608A8DE
856907B3
DA587EBF
6689C7DE
93A5E37C
AB4E1EE1
0D541AA0
DF3363BB
08FC0000
00000000
4F5A8EE6
273D937E
D2E5B3F2
D7DAA747
A6ACC213
78E0840C
2FE1ACEF
3BB00478
0963A71B
6DCAFF1F
1AC4B0CB
347176BF
61CD0DB8
0363C0CB
C0005750
00000000
0000000E
0E0005B2
000E0022
00360000
FFFFFFFF
EC9D0007
00000103
0000000D
B4461CB5
8E16B641
1C860B2F
EFD8504F
3BA90B64
08004500
05A09DD9
40003306
BD73721C
94A6C0A8
1FA04B48
C77B7BB1
3402DF1E
BE6A5010
00990658
00009193
91625087
E6AE8836
C29486EC
9EA14BA4
610AE69B
602FFE8E
800057F8
00000000
21101779
8C8DD1BE
B9102F68
B8016AB9
0391DCE3
1EB72F0A
00EF9F4F
67D3CC86
E504C78A
E959BC2F
E10264A6
3CBF3779
811D321A
083FE347
ECC1AB06
0C559A6F
71DF9061
1CED1A1D
1A6FBB9C
70B03A4F
854C149F
189261B4
BA716F6D
26AB7331
3F5C0C3D
9CAF50AA
AE686FA1
BDCE20D4
26ACCA19
ADB8F867
80005878
00000000
AD87D68C
52A428B3
596A0C1E
857EC4E8
A60E1466
8669C01A
D2F787BA
1DAE0E09
CEAA215C
00124B91
A5AB8ECE
E81E5367
3D1E7201
F89024A3
053673D6
6047B48A
3A74C382
6AF89D92
2C865274
CAF095F2
F36BC82B
D23BF865
BA2EA6CE
1EF19440
C1724476
CB27954E
455A3BD7
CD647B72
FD58168F
9B2C83EA
800058F8
00000000
EEBD0D69
E66B1F7A
D3EAFE4B
F50F8658
E08B1998
A933B296
734EDFFF
4370DA54
86000CDD
B51B7A44
62C6049E
88C7B7D1
73E29F4D
B72E106B
453334C5
6A35BCDA
711E2429
37D6BE41
24BC2658
2A493118
17256AB5
DECD730C
C126D6C9
8226DB4B
CCE47966
B677DF6B
76552B88
21FF93F6
13A3CBFD
1389D30D
80005978
00000000
DE8E1B1E
41DF2A0F
2AE62117
B40A2A33
73835682
50D99C99
7E51AAF2
0D7C6602
037C8981
5375B422
C9D620FD
EEE9A471
68894FF6
AB38D82D
282FD650
7E2E575E
D917834A
60F0FEFA
77A34751
D2381B3D
3CFE347A
6A419065
5E27D1D5
50213ABD
BDB5244D
A62886AC
A42C8B02
E7622E7F
0ADDE1E6
9078191C
800059F8
00000000
7829FFD5
3C1ACC87
DC1928BB
E0A77463
13A3CBD7
BAC22860
076A7B7D
59A8DFA5
50853FA2
B341493A
08D11265
CA3FD8E8
905C4F7F
CD0A7E84
EDC5E9B9
54E3B63A
CAE2F159
A7F31306
97153D52
7499DE7E
45836D4E
9DC4F324
CDC53BEC
CB245246
C847B3E7
6B2DB7D5
78DBF6AF
09D7733B
F1F576A8
FEDCBCF4
80005A78
00000000
1309920D
F2760EB3
8AB92849
3EBB331D
CC80E7AE
1C0C400A
4BDBE1BD
F158ED4B
AA3B3FEF
68BA3892
4DF8DB4F
7AE70D27
C3BCC974
9BA789A7
24D053F7
9CF8D794
7D796BD1
39B97E49
31DDB767
55AADFFA
2BE0E236
9BA32E10
3FDC8DB6
8EAAF786
126B174D
1734E30E
B1C5F8D3
FBD38A7F
AED96487
18FAAE4F
80005AF8
00000000
8847F0E3
940C1330
8B6FCF0E
2B78487A
E8C470A3
9684A4C2
6833BDC5
45F15BDE
A35E9901
68BFE030
E6747B56
D3CBEEFF
81F2C5EB
ACE2CD4F
09C07A08
506D85C0
867B76F3
9B0558CA
EF530510
193DAE8A
911EA682
CDDF40DA
4645D17B
316AEA31
6E9505C0
04553E81
2998FB5F
4C233884
A3037DC3
0147C4F9
80005B78
00000000
1C506509
AD07DAC5
83E4ABE4
A5C15E45
5B0BDE3C
2E1CE58E
6E2DB14E
A7BC3859
F0AD5114
A07E0194
23746496
E7BC0B6A
75160C51
54D3CDA5
62012DFE
2FCB322A
63D41B6F
DD355969
2F499EB1
8B6985EF
AE3ADD98
A849408E
09BF0BAD
1E1EBF1F
11DB36D3
FF9A510E
284FB74E
ECE419AB
3A5FCD48
75B17D6A
80005BF8
00000000
7933F407
61F1C263
19787342
D79EA9D2
E9EAB5B2
B7BB2B0A
F4ECB189
28662EEB
A41BA0F9
7C183CAC
847BE204
7FF5A40C
D10B4A61
FDF13C84
C7597DB8
12C3AF67
AD4DC62F
11CCAB39
44D92D5B
CD486992
916E61F8
39BA049B
5EC8F8BD
5F986A0A
DEBBB6D0
49FBEBA8
FD5E74CB
AD383924
41780ED1
9253F812
80005C78
00000000
5D8FD47D
DEC4B7F4
D489E9C4
34C85635
818DF1C8
F9B1D107
785BA9E5
2E4ABCBB
86C2ADEB
AA4CEB77
B8B4D720
A1F4263A
BCDE3A26
B515B2A4
F1405DFF
55F36E8E
66EFE59B
4B5D3878
5D2CE0C1
7B97E11F
20C37AAA
A5A4661B
D4D1450B
3821951C
E15451D3
87A80A3F
BD7B0079
382C4050
737C0B78
E8AED5C2
80005CF8
00000000
71D1D35C
A50B8534
EB8CD398
823E0746
2E229F4F
F4E58B5B
F42154B4
6ABF4308
62EB4248
891FBB02
903F3DBF
A6D63E45
6E78B981
8A792F0A
4B29FABA
4EB63F54
EFE72EB7
414F45C4
3B0C1C49
E8D65732
F4CBCB6D
0123A499
D8728A4D
7928A24A
E69EBBD0
D3AD68A0
804407D8
6898E28C
58F9E0E7
76B01640
0000003A
00000000
5A6B71CB
0FD4E3CF
1FF95F70
3F147C02
0BCFEC85
E4960295
AE6CF0A4
15DC8431
D35A43A7
79FD1079
A18B33CE
3BFEE918
20D80072
50E4E8F7
3D000000
00000000
A8EC4BEA
2913C77D
ABE76074
442E4251
73590BB2
17539FD3
DA878D66
253CEEB3
C89824D6
EF2D1873
E232AF8D
55AF27E6
0C32DF1B
898D0CCE
C0005DD0
00000000
0000000E
0E0005B2
000E0022
00360000
FFFFFFFF
EC9D0007
00000103
0000000D
D89B3263
D92BA7F1
1C860B2F
EFD8504F
3BA90B64
08004500
05A09DDA
40003306
BD72721C
94A6C0A8
1FA04B48
C77B7BB1
397ADF1E
BE6A5018
0099B8A4
00008B28
A3AA7829
C1D86E4C
77A0F726
4133FE50
FB7BD6EF
38C15680
80005E78
00000000
84E214C9
2F1EC568
56A156FA
2E2BD73B
C751D4EE
1EAD16D3
CF2A8463
D921D1E2
A7281FFC
8D88CD87
7668EFAD
A9D86BED
7DC8346C
617C6EB8
69ABD544
FFCFCE7A
8D5ACAC8
D9C01E50
465CEFA0
B135B3AF
9DF009B6
57398001
0F94F5FD
B3A4E8CE
42446EBF
C272F527
39E021F5
056C833D
EC34BA89
A8A1BAA5
80005EF8
00000000
F631BB26
98B021D1
052BCD9C
31FAE0CB
F4CF98B4
42619171
152289B4
3891DB7C
B27FF408
3B560512
71BB5EA0
CA0F25E9
46A2E832
F42A1EB3
EBF26A5F
B3B5A70C
4BBFD008
F225925F
82CD97FC
76874FE6
78BEC38D
3AE8F6A1
5C9762E1
9727031C
C2D107C5
F6A29855
DF5918D9
E73DF9D4
B7A0151E
137EF80D
80005F78
00000000
236E2760
336F7857
F508343E
5A4BB460
6B9BA50F
F3CB1739
42AE3CDD
FB9EF349
8D918D68
C8A4618A
0834A1CC
F507F40E
BECCD0F7
9513E995
04C27364
A38CC33E
E8F8B2DF
AF460AD0
6C686788
6FA8B294
E3C1365F
4FCDB12A
E3049446
9EE9BC61
99379179
0A0A33F0
0027869F
F3C78494
D3B6B5BD
5293B884
80005FF8
00000000
5247EAD3
BDCD9A4A
BA9C7FCF
238750D7
6D38161A
01B2185E
390263CB
898A74B3
0C808BB3
6F71E1ED
3BDB78C1
037A9986
7D32C9EC
872436B1
D3D75AFF
DA1A2ECC
7152F402
7B6496BE
3B4F7C20
FB4BCEBF
CF3E9908
FC496B5C
065CDC8E
B5375066
B6C15BE5
4A54BD6F
369F9171
EDA54002
C393E0FD
18445217
80006078
00000000
14E5BFB8
AFCD9877
2A60FFFD
F4F9F8BB
2E0902D8
E44B5390
D2AA4AF6
D7873EF5
A961B5F3
212251F6
97A7FFEC
01A3A516
9B5FBE96
9C854F9F
3ABB1C7D
373ADE3F
3924D119
4A3ECC96
A62ECAA9
3C2F705D
F38E83FB
3AEF3D3F
4534ADAB
A68D0248
EC749FA4
511F805D
B5A28F13
66F3619E
3EC7745E
5240CD4C
00000008
8F143200
00000600
00000004
00000000
00000000
00000000
00031C60
00000004
FE91F200
00010600
00000004
00000000
00000000
00000000
0003C7E0
00000008
8F146E00
00020600
00000004
00000000
00000000
00000000
00032520
00000004
FE91E000
00030600
00000004
00000000
00000000
00000000
0003C540
00000008
8F143E00
00040600
00000004
00000000
00000000
00000000
00031E20
00000008
8F143800
00050600
00000004
00000000
00000000
00000000
00031D40
00000008
8F144400
00060600
00000004
00000000
00000000
00000000
00031F00
00000008
8F145C00
00070600
00000004
00000000
00000000
00000000
00032280
00000008
8F142600
00080600
00000004
00000000
00000000
00000000
00031AA0
00000008
8F144A00
00090600
00000004
00000000
00000000
00000000
00031FE0
00000008
8F14A400
000A0600
00000004
00000000
00000000
00000000
00032D00
00000008
8F145600
000B0600
00000004
00000000
00000000
00000000
000321A0
00000008
8F149800
000C0600
00000004
00000000
00000000
00000000
00032B40
00000008
8F148600
000D0600
00000004
00000000
00000000
00000000
000328A0
00000008
8F14BC00
000E0600
00000004
00000000
00000000
00000000
00033080
00000008
8F148000
000F0600
00000004
00000000
00000000
00000000
000327C0
00000008
8F145000
00100600
00000004
00000000
00000000
00000000
000320C0
00000008
8F146800
00110600
00000004
00000000
00000000
00000000
00032440
00000008
8F146200
00120600
00000004
00000000
00000000
00000000
00032360
00000008
8F149200
00130600
00000004
00000000
00000000
00000000
00032A60
00000008
8F147400
00140600
00000004
00000000
00000000
00000000
00032600
00000008
8F147A00
00150600
00000004
00000000
00000000
00000000
000326E0
00000008
8F149E00
00160600
00000004
00000000
00000000
00000000
00032C20
00000008
8F14B000
00170600
00000004
00000000
00000000
00000000
00032EC0
00000008
8F148C00
00180600
00000004
00000000
00000000
00000000
00032980
00000008
8F150A00
00190600
00000004
00000000
00000000
00000000
00033BE0
00000008
8F14AA00
001A0600
00000004
00000000
00000000
00000000
00032DE0
00000008
8F14CE00
001B0600
00000004
00000000
00000000
00000000
00033320
00000008
8F14B600
001C0600
00000004
00000000
00000000
00000000
00032FA0
00000008
8F14EC00
001D0600
00000004
00000000
00000000
00000000
00033780
00000008
8F14C200
001E0600
00000004
00000000
00000000
00000000
00033160
00000008
8F14E000
001F0600
00000004
00000000
00000000
00000000
000335C0
00000008
8F14E600
00200600
00000004
00000000
00000000
00000000
000336A0
00000008
8F150400
00210600
00000004
00000000
00000000
00000000
00033B00
00000008
8F14D400
00220600
00000004
00000000
00000000
00000000
00033400
00000008
8F151000
00230600
00000004
00000000
00000000
00000000
00033CC0
00000008
8F14C800
00240600
00000004
00000000
00000000
00000000
00033240
00000008
8F14FE00
00250600
00000004
00000000
00000000
00000000
00033A20
00000003
055DDC00
00260600
00000004
00000000
00000000
00000000
00034120
00000003
055DD000
00270600
00000004
00000000
00000000
00000000
00033F60
00000003
2D27D200
01A800F6
00003004
FFFFFFFF
00000000
00000000
000375A0
00000003
2D27C000
01A90046
00007004
FFFFFFFF
00000000
00000000
00037300
00000003
2D285000
01AA00F6
00003004
FFFFFFFF
00000000
00000000
00038800
00000003
2D280800
01AB0046
00007004
FFFFFFFF
00000000
00000000
00037D80
00000003
2D282600
01AC0600
00000004
00000000
00000000
00000000
000381E0
00000003
2D280200
01AD0600
00000004
00000000
00000000
00000000
00037CA0
00000003
2D282C00
01AE0600
00000004
00000000
00000000
00000000
000382C0
00000003
2D283200
01AF0600
00000004
00000000
00000000
00000000
000383A0
00000003
2D27F600
01B00600
00000004
00000000
00000000
00000000
00037AE0
00000003
2D283E00
01B10600
00000004
00000000
00000000
00000000
00038560
00000005
1F535C00
01B20600
00000004
00000000
00000000
00000000
00038C60
00000003
2D27FC00
01B30600
00000004
00000000
00000000
00000000
00037BC0
00000003
2D284400
01B40600
00000004
00000000
00000000
00000000
00038640
00000003
2D281400
01B50600
00000004
00000000
00000000
00000000
00037F40
00000005
1F537400
01B60600
00000004
00000000
00000000
00000000
00038FE0
00000003
2D285600
01B70600
00000004
00000000
00000000
00000000
000388E0
00000005
1F535000
01B80600
00000004
00000000
00000000
00000000
00038AA0
00000005
1F535600
01B90600
00000004
00000000
00000000
00000000
00038B80
00000003
2D283800
01BA0600
00000004
00000000
00000000
00000000
00038480
00000003
2D285C00
01BB0600
00000004
00000000
00000000
00000000
000389C0
00000003
2D284A00
01BC0600
00000004
00000000
00000000
00000000
00038720
00000005
1F536E00
01BD0600
00000004
00000000
00000000
00000000
00038F00
00000005
1F538000
01BE0600
00000004
00000000
00000000
00000000
000391A0
00000005
1F537A00
01BF0600
00000004
00000000
00000000
00000000
000390C0
00000005
1F536200
01C00600
00000004
00000000
00000000
00000000
00038D40
00000005
1F536800
01C10600
00000004
00000000
00000000
00000000
00038E20
00000005
1F539200
01C20600
00000004
00000000
00000000
00000000
00039440
00000005
1F53A400
01C30600
00000004
00000000
00000000
00000000
000396E0
00000005
1F539800
01C40600
00000004
00000000
00000000
00000000
00039520
00000005
1F538600
01C50600
00000004
00000000
00000000
00000000
00039280
00000005
1F538C00
01C60600
00000004
00000000
00000000
00000000
00039360
00000005
1F53E600
01C70600
00000004
00000000
00000000
00000000
0003A080
00000005
1F53AA00
01C80600
00000004
00000000
00000000
00000000
000397C0
00000005
1F53EC00
01C90600
00000004
00000000
00000000
00000000
0003A160
00000005
1F53C200
01CA0600
00000004
00000000
00000000
00000000
00039B40
00000005
1F53B600
01CB0600
00000004
00000000
00000000
00000000
00039980
00000005
1F539E00
01CC0600
00000004
00000000
00000000
00000000
00039600
00000005
1F53CE00
01CD0600
00000004
00000000
00000000
00000000
00039D00
00000005
1F53B000
01CE0600
00000004
00000000
00000000
00000000
000398A0
00000005
1F53D400
01CF0600
00000004
00000000
00000000
00000000
00039DE0
00000005
1F53F200
01D00600
00000004
00000000
00000000
00000000
0003A240
00000005
1F53C800
01D10600
00000004
00000000
00000000
00000000
00039C20
00000005
1F53E000
01D20600
00000004
00000000
00000000
00000000
00039FA0
00000005
1F53BC00
01D30600
00000004
00000000
00000000
00000000
00039A60
00000005
1F542200
01D40600
00000004
00000000
00000000
00000000
0003A940
00000005
1F542800
01D50600
00000004
00000000
00000000
00000000
0003AA20
00000005
1F540400
01D60600
00000004
00000000
00000000
00000000
0003A4E0
00000005
1F541000
01D70600
00000004
00000000
00000000
00000000
0003A6A0
00000005
1F540A00
01D80600
00000004
00000000
00000000
00000000
0003A5C0
00000005
1F53DA00
01D90600
00000004
00000000
00000000
00000000
00039EC0
00000005
1F541600
01DA0600
00000004
00000000
00000000
00000000
0003A780
00000005
1F544000
01DB0600
00000004
00000000
00000000
00000000
0003ADA0
00000005
1F53FE00
01DC0600
00000004
00000000
00000000
00000000
0003A400
00000005
1F541C00
01DD0600
00000004
00000000
00000000
00000000
0003A860
00000004
FE915000
01DE0600
00000004
00000000
00000000
00000000
0003B040
00000005
1F543400
01DF0600
00000004
00000000
00000000
00000000
0003ABE0
00000005
1F53F800
01E00600
00000004
00000000
00000000
00000000
0003A320
00000004
FE917A00
01E10600
00000004
00000000
00000000
00000000
0003B660
00000005
1F542E00
01E20600
00000004
00000000
00000000
00000000
0003AB00
00000005
1F544C00
01E30600
00000004
00000000
00000000
00000000
0003AF60
00000005
1F543A00
01E40600
00000004
00000000
00000000
00000000
0003ACC0
00000004
FE916200
01E50600
00000004
00000000
00000000
00000000
0003B2E0
00000005
1F544600
01E60600
00000004
00000000
00000000
00000000
0003AE80
00000004
FE918000
01E70600
00000004
00000000
00000000
00000000
0003B740
00000004
FE915600
01E80600
00000004
00000000
00000000
00000000
0003B120
00000004
FE916E00
01E90600
00000004
00000000
00000000
00000000
0003B4A0
00000004
FE919200
01EA0600
00000004
00000000
00000000
00000000
0003B9E0
00000004
FE91A400
01EB0600
00000004
00000000
00000000
00000000
0003BC80
00000004
FE917400
01EC0600
00000004
00000000
00000000
00000000
0003B580
00000004
FE918C00
01ED0600
00000004
00000000
00000000
00000000
0003B900
00000004
FE91B000
01EE0600
00000004
00000000
00000000
00000000
0003BE40
00000004
FE916800
01EF0600
00000004
00000000
00000000
00000000
0003B3C0
00000004
FE919800
01F00600
00000004
00000000
00000000
00000000
0003BAC0
00000004
FE91B600
01F10600
00000004
00000000
00000000
00000000
0003BF20
00000004
FE915C00
01F20600
00000004
00000000
00000000
00000000
0003B200
00000004
FE919E00
01F30600
00000004
00000000
00000000
00000000
0003BBA0
00000004
FE918600
01F40600
00000004
00000000
00000000
00000000
0003B820
00000004
FE91AA00
01F50600
00000004
00000000
00000000
00000000
0003BD60
00000004
FE91BC00
01F60600
00000004
00000000
00000000
00000000
0003C000
00000004
FE91D400
01F70600
00000004
00000000
00000000
00000000
0003C380
00000004
FE91DA00
01F80600
00000004
00000000
00000000
00000000
0003C460
00000004
FE91C800
01F90600
00000004
00000000
00000000
00000000
0003C1C0
00000004
FE91C200
01FA0600
00000004
00000000
00000000
00000000
0003C0E0
00000004
FE91CE00
01FB0600
00000004
00000000
00000000
00000000
0003C2A0
00000008
8F142C00
01FC0600
00000004
00000000
00000000
00000000
00031B80
00000004
FE91E600
01FD0600
00000004
00000000
00000000
00000000
0003C620
00000004
FE91EC00
01FE0600
00000004
00000000
00000000
00000000
0003C700
00000008
8F142000
01FF0600
00000004
00000000
00000000
00000000
000319C0
0000003A
00000000
FB5482CD
2019473F
ABBF1F99
A6DC6AAC
651C8882
E5C382F5
A49E7FB8
449CC2FC
3BEA0B5E
68F24D1F
B93884D9
FD122216
B1299A45
EDEEA7B9
B7480000
00000000
61CDE272
F84F3BAB
FC10F598
B8FFAF43
C6BA9422
D36DD582
A544DC6C
BBD2EA39
ED93047F
D9434F2A
DA6D131E
B0A184AA
001EE91C
659990CE
C0007150
00000000
0000000E
0E0005B2
000E0022
00360000
FFFFFFFF
EC9D0007
00000103
0000000D
8BFB0248
572FCA62
1C860B2F
EFD8504F
3BA90B64
08004500
05A09DDD
40003306
BD6F721C
94A6C0A8
1FA04B48
C77B7BB3
D712DF1E
BE6A5010
0099B60A
0000CFF6
EF105642
58CDFD0E
1714439B
2FCF653D
C3BB77CB
EF349357
800071F8
00000000
AE0307A1
9D084E9C
A8D15386
249F220A
5EC29395
14D1C29C
CFE650A4
221D3A02
F47B86CC
B216F81C
DA41FA1C
4D3F0EA5
18EF00E3
1F2991B2
A2DF973D
527D7A7B
C6EC9C58
2987DF35
AB885A6D
ECE64E31
68F63A7F
115A7C6B
960355EF
1E925CAF
50A935E1
5B07AC68
9D6DF375
FB95488C
0D6FB4B0
6612E78E
80007278
00000000
BBF10876
B88A4102
82264FA8
F8861DD3
2EB79434
0DC315C6
3B4ABE8C
097F575E
35BCCC42
C72055E4
E762DCAB
9670A1C3
D8A76F72
F9AEAD80
2D9ACB32
1EE65495
6E17E6F1
2FABB463
C5217364
16C9D9A7
6DE3BB05
97B3340C
C53E6E2A
0FBF81EF
6CFF8959
1014DCB3
117DEDB1
F89A9937
5860390C
86B0F577
800072F8
00000000
3E25364B
BC666081
BD7C61FF
CD705A48
ECB0D66A
CAA37512
6ADA3396
E2E04B25
6DC18B84
F77C7DA4
4E55B7B7
15A78BA9
5DEF335E
20AEE51F
7E13DB8E
6B0CA7C0
EABAC92D
E5794735
E089F359
75929CE5
3A445B01
7B17A0EF
A254DA17
40359057
6F364ABC
439FD485
6B37704E
3245581B
BCB87B39
F19C17DD
80007378
00000000
E147BCCC
5382003A
DA1228B2
EC6A6903
F3201C95
B220056F
09E4B408
22921F4B
3AA1217B
40C595BA
0DCCAA9F
2794B1AB
691C8464
FEDFF1C6
3B9ABDA6
4ACA000A
CDE3EE92
BB4CACAE
80D53340
A72B8FC0
0C01B9EC
5663EAC9
9D7BB848
F9591214
B8E2050A
A211A100
5EEE1E21
D2EE52F3
391326D8
160D312E
800073F8
00000000
F21EF1A9
2C12F75B
1F35A7C5
0D983060
E7F4D1A5
07FAD619
750C0E79
6560B610
0222ADCE
81B25EDF
BD0E8013
5BDB8DC0
E5D59C3B
B62AABD7
3D393D06
5D0700EC
3951647C
32C21ACB
C782983E
EB6516D7
E3E58A97
145426FA
E91F9577
52EA23AA
CEB57C4C
BD38D5F1
E31802B2
19037AA9
99D3FCE8
6CD1AEF9
80007478
00000000
459B605F
25A59E2B
65499D29
96E0A083
DA33FA08
5023EF94
1C234710
2457FDC2
2C2BEF5D
6941035A
7C06E10B
0F8AE121
DF350CED
DED973E1
BEE53EA2
8C87B60E
F0DDC24F
901DE297
FB577227
52578F28
648DF1F0
55B4CE00
E8B06647
6A015CE6
B3EA5426
0B93203A
7050E72E
22EA0BDD
EC3345C8
342B4C1E
800074F8
00000000
DDBE1E69
D482350E
68BC9B1C
9DD29F5B
D725A2C3
74FE397A
6C973BD5
B4928095
C5341178
381ECAC3
DDC3E668
DA65FE81
2610826B
B8BA0039
8C7A4801
A5AF52DB
ACD4255B
1B7F1DE6
EC1D099F
FCF7E9CA
4342E8F9
4DE0A397
AADB143A
AEEF6C6A
CB04BC90
12A0CA1A
6C49F3C6
454299BA
A0491729
A3CD8423
80007578
00000000
B8E40C39
FDD3BF45
BD9C943B
E66A3ADF
C87C476A
1FFF3A5A
580EBA77
2C1B19F5
2D02FA2E
21C06239
A183FDE3
965EDF2D
EE5AF131
7E3C4260
723F3D54
B96814AE
8B7F1EA1
1B1EDBBC
7BB78C0E
9125AF00
04FE3440
4E04C015
8D077278
C70AB8E3
E084BE05
302CDAF4
8C2C5E20
330B6C7B
B188468B
BD88E0FF
800075F8
00000000
7FC9D4D0
CC48C961
13E5C7BF
9293E4A6
84BBFB74
3CFB4230
E91A486D
0C225610
A06BDF1E
85CD5A4A
E403CD40
BE89FCD7
DCCB9605
E0E8CD23
D4CF7DD9
477AED80
6D668EB4
A8EF5144
AF818BD4
84EF7D6E
C19655C6
0A378F18
0580C712
CCD67E3A
7C467083
02BE3778
7763C291
36F3F124
988B039E
8DBA5F38
80007678
00000000
A69B52B8
C0848583
FAE0E9CC
5D169FBB
5AD34759
59125699
736E8BFE
60946CBC
0F82DA29
7525DB9F
696455DD
3786B5AB
DC6C1AAC
8B724001
4C5685F7
D1A59CFF
DE8BB764
23F1A831
75BF88A4
72B0162D
FB347657
C6754DE4
C0188D57
F0E29F93
BDBAE9E0
6D238D08
060CB0F2
B36663A5
C430260F
67760CB6
800076F8
00000000
80E69002
F079B5A0
FD250E00
3C4C0A6D
797E6771
DFE92F48
17BDE547
350685D8
88EE097E
95D039C5
B401C92F
795E75D8
B33C826A
64E5B9C6
70A68A3E
D910A252
A8D0AB87
FA0AD0D2
613238EB
DAE7F75E
CED76E10
037D04A4
0BFCF3CE
2FA3C637
6BBA5E6C
F0D5986B
EBEC5536
64CA6EA2
9C2FC18C
0A18F01C
0000003A
00000000
5518A2D1
507DB9EA
1032B783
883933D2
0900A070
18AFF213
69B8E3E6
41FEF956
61079A0F
02BA95BA
4BDC0D14
14F447E7
7BC7D974
50DE67B5
DF4B0000
00000000
A5317B24
B5745B77
A13D3EBF
6F1FDE79
0F96AD0B
BE689BE9
FF82D121
0D94D913
56EF67F6
C1392BBA
635B23A5
6FEE8EA6
61E9250A
FBFD6BA7
C00077D0
00000000
0000000E
0E0000FD
000E0022
00360000
FFFFFFFF
E7E80007
00000103
00000003
BCD8FBD8
233031D6
1C860B2F
EFD8504F
3BA90B64
08004500
00EB9DDE
40003306
C223721C
94A6C0A8
1FA04B48
C77B7BB3
F7E2DF1E
BE6A5018
00992C04
00006FE6
31FEE566
62ADA185
B25E3C09
9EC9CC3F
0036AF05
D5123223
80007878
00000000
2B12B040
AF78F643
5AF4CB8B
25A64682
A8B82D94
43F8A067
6C34ABA3
60D36071
1F0810D5
C92704C5
50C9CEA1
0179AE20
A8EAEDD8
885F2851
AA042CCE
5FBF31FE
566FAA3C
52F566E4
0FF1F939
9C9DEEBE
0D93A9A6
63D291DF
BDA60A30
AC04D577
01985D7F
8F9A0D40
690133AB
196B0E71
92401527
2C8CD166
00000035
00000000
C37E2DC1
BEBA7134
75A27A35
9DF9B5DD
6F436255
D18B8FBA
4CFE35A8
D1693F55
390A3448
4A565ECE
B442F99A
92F78E34
FC439AB1
1E000000
00000000
0001FA00
8A8CBAAE
616E295E
F186D9AC
AD612046
105637FC
2871533D
D0510621
69923F5E
02EC5765
31CF79A9
C16DEF74
8A94353F
FF34678F
DD62AEE6
C0007950
00000000
00000006
0E0000F6
000E0022
002A0000
FFFFFFFF
59570007
00000101
00000003
57DB1D32
480424E6
1C860B2F
EFD8504F
3BA90B64
08004500
00E47A5D
40003511
72367C72
FBBAC0A8
1FA03C60
812400D0
96C23FE0
34529100
3FEAF1E2
92F82D46
55195B5B
8BA489AF
E93BB714
AA42657E
317183E4
64258366
800079F8
00000000
D7D51018
A68FF60F
56CD2456
CE4BF15B
EEE0C0BC
52F247A6
81F446D7
1B2A6619
90337060
04B0BB93
FA19C0B7
4D013CAD
293F171A
4741BF1F
6D1F9AC8
6B811EB4
6CA5331B
B29DA238
381DDAC0
FCB4A478
80E1DF72
7D59A007
7938A971
4B9EDE65
1992B764
35D36C5E
15078B80
A8C0E2EE
351C6271
EC0E3026
0000002E
00000000
1A12F50D
764C7A76
82B5693B
7DB7E849
669A962F
833F9EF7
1D70BBC1
3553CB91
E465A56A
299D84A0
CCA3255D
2F1F0000
00000000
0001EC00
05A09DBA
40003306
BD92721C
94A6C0A8
1FA04B48
C77B7BB3
5EC2DF1E
BE6A5010
0099693F
000031F8
5E96BD1C
A5EAE993
35EDFF38
1918029E
2B8F3920
B2F6B2CF
40000040
00000000
0000000E
0E000040
000E0022
00360000
FFFFFFFF
943F0007
00000102
00000001
72250FAC
7AFC0499
1C860B2F
EFD8504F
3BA90B64
08004560
0028F62D
40002F06
C11D7D5E
367EC0A8
1FA04B48
DCA28AB5
C04BCF41
3B2F5010
010A9D48
00000000
00000000
8D6C7E35
00000000
00008000
82B65E67
7325613B
40000040
00000000
0000000E
0E000040
000E0022
00360000
FFFFFFFF
943F0007
00000102
00000001
96D72D48
1C4B8463
1C860B2F
EFD8504F
3BA90B64
08004560
0028F62E
40002F06
C11C7D5E
367EC0A8
1FA04B48
DCA28AB5
C04BCF41
4A645010
01078E16
00000000
00000000
E4DE35C1
00000000
00008000
185ADB22
FEB4626F
C0007BD0
00000000
00000006
0E0000C5
000E0022
002A0000
FFFFFFFF
03330007
00000103
00000002
2AAD44A0
07028AD5
1C860B2F
EFD8504F
3BA90B64
08004500
00B3A3B2
40003511
9F05DF0C
432DC0A8
1FA0C0B8
8124009F
A6EA6DE6
02C46D71
6DE777F6
6CC66ED0
61D543D7
5BC85DC8
5DD45AD7
55A46DEB
FB0D3CE8
64856DE6
00000075
00000000
6DE6E6A5
5F441BD6
5D8458D5
06870995
0E870C8E
029F0C85
03881D9E
1F8C18D2
02930A82
08800287
028C0687
43805ED4
5FD65CD0
438E0195
E1ED4BD6
5D8458D5
06870995
0E870C8E
029F0C85
03881D9E
1F8C18D2
02930A82
08800287
028C0687
43805ED4
5FD65CD0
438E0195
5CE6A1A6
73664CFD
0E000000
C0007CD0
00000000
0000000E
0E000083
000E0022
00360000
FFFFFFFF
94880007
00000102
00000002
95964AB0
F2230B8C
1C860B2F
EFD8504F
3BA90B64
08004560
0071F62F
40002F06
C0D27D5E
367EC0A8
1FA04B48
DCA28AB5
C04BCF41
4A645018
010BA6FD
0000B040
99D93C3E
F524A391
7F08CE69
65E17132
A6A7E361
F6F401A6
00000033
00000000
60E8859B
D2B2F632
588DB1AE
D2BFB7A7
4E4632C9
40939A0D
792BAAF9
2DA909D3
EF318F80
25953908
51FBC5EA
22F50D95
90277900
00000000
00000000
00010600
91E88983
06D6991E
6F45583F
E1E057FB
58DBD26D
1D6B023C
6BABDB64
F38C2736
05BB4E7D
C46A6FF3
654C5FEA
EA1DD28A
86105789
1735808D
C0007DD0
00000000
0000000E
0E00028B
000E0022
00360000
FFFFFFFF
96900007
00000102
00000006
F987BE84
51265173
1C860B2F
EFD8504F
3BA90B64
08004560
0279F630
40002F06
BEC97D5E
367EC0A8
1FA04B48
DCA28AB5
C094CF41
4A645018
010B6C3E
00000608
7087B847
AF86F7E9
48758686
EA9365EB
5613FC94
86EBB7D1
80007E78
00000000
EC03979A
196B57C5
AFA8D2B4
9D9BF289
728EF4A4
B3029AF4
1AC99471
E319ECFF
E9E9FAFB
346BA06A
804DD605
36E17214
3B7A13C0
EB932B96
4467D21D
38461BC6
1879C78A
71EC3833
A0CB1618
7520BD79
6F15C4A0
F0B4E195
0B48A767
BDA037EF
73A572E8
56F9D505
FF926287
A3F83B79
6973A757
8635BC99
80007EF8
00000000
21532974
D055811E
84B5C196
1CCDAA4C
10E51B91
2D324CFF
109E0781
67827B4F
CBC163BA
F32D4528
4BC0FC1C
63CAC74C
9DD1B702
13EBF1C3
7C2CB077
73539874
46065ACA
2D674810
D2DE28AB
4F15544D
AEB6F8FB
5AF432A3
C9A2CC1F
0A059383
FA99F991
A2405B0E
D4F55803
1D7F6753
E3F80AB2
A1A3A8EA
80007F78
00000000
78CB604F
C4E28842
3008C708
DEF61B08
DF106C44
34E2A62F
9469F864
39235636
B312B6BA
AED2962A
6B871E3D
88305B4D
C8E9CF45
723A45BB
80E27F58
FD66580A
C6570649
C72D8D6A
FAFE70B0
2AB6A5C5
1A11A407
15E91798
0B096A04
831FE6F7
EF5EA39B
7ABF1752
4B728CE0
5DC0F8D0
6B8BF893
44A364BE
80007FF8
00000000
20199BAA
407CE11C
F2B3AB0A
2BA34BFF
81F164AD
B983C4BF
FC10B760
C4BA65B4
2DBA4900
D4603285
4E0F95ED
AFBE46AD
68AB470F
21A3D5C3
FBBD64C6
3D2431E1
1B7EA55F
2B308D7E
BD7D8A74
634AEF27
7DBA8EBF
15CA5DBE
BDEE97CC
A101A56C
5A111919
A0E1FECA
C918B836
27922E53
072C345A
F35A7C85
0000005B
00000000
ACFB1041
FE2C0912
101BA578
810D944F
926F86A9
8D2C9F23
4547E8AC
FD0E9DDB
4ED97F43
DFC29AA0
5EC286BC
BBA3E090
BEF00944
54BA305C
2C8018FE
293074CC
1471A925
F7D25E86
76ABE36F
1CEF4D5C
06AE28AF
B6F18F5C
1DCA8200
00000000
00000000
00051600
33E9781B
D84BC7B4
47ED7C72
22E24F8C
